{  
   "english":{
     "audioLink":"https://www.w3schools.com/html/horse.mp3", 
     "content":"What is Lorem Ipsum? Lorem Ipsum is simply dummy text of the printing and typesetting industry. Lorem Ipsum has been the industry's standard dummy text ever since the 1500s, when an unknown printer took a galley of type and scrambled it to make a type specimen book. It has survived not only five centuries, but also the leap into electronic typesetting, remaining essentially unchanged. It was popularised in the 1960s with the release of ", 
     "content1":"64582",
     "videoLink":"",
      "SA":[
         {
            "name":"Durgesh",
            "surname":"Sharma",
            "address":"Mira road"
         },
         {
            "name":"Sumit",
            "surname":"Mishra",
            "address":"Mumbai"
         }
      ],  
      "analytics_pie":{ 
        "series" : [{  
          "data":  [{
            "name": "Saving", 
            "y": 1.2 
          },
          {
            "name": "Current", 
            "y": 5.4
          },
          {
            "name": "Recurring Deposit", 
            "y": 15.6 
          },
          {
            "name": "Term Deposit", 
            "y": 70.8 
          },
          {
            "name": "Weath", 
            "y": 6.9 
          },
          {
            "name": "Credit Card", 
            "y": 0.9 
            } ]
          }
          ] 
        }, 
      "pie_chart":{  
        "series" : [{  
              "data":  [
                {
                 "name": "Saving", 
                 "y": 1.2 
              },
              {
                 "name": "Current", 
                 "y": 5.4
              },
              {
                 "name": "Recurring Deposit", 
                 "y": 15.6 
              },
              {
                 "name": "Term Deposit", 
                 "y": 70.8 
              },
              {
                 "name": "Weath", 
                 "y": 6.9 
              },
              {
                 "name": "Credit Card", 
                 "y": 0.9 
              } ,
              {
                 "name": "Credit Card 2", 
                 "y": 0.9 
              } ,
              {
                 "name": "Credit Card 3", 
                 "y": 0.9 
              } ,
              {
                 "name": "Credit Card 4", 
                 "y": 0.9 
              } ]
        }
        ] 
      }, 
      "bar_chart":{  
       "xAxis": {
           "categories": ["Africa", "America", "Asia", "Europe", "Oceania"] 
         }, 
         "series": [{
           "name": "Year 1990",
           "data": [631, 727, 3202, 721, 26]
         }, {
           "name": "Year 2000",
           "data": [814, 841, 3714, 726, 31]
         }, {
           "name": "Year 2010",
           "data": [1044, 944, 4170, 735, 40]
         }, {
           "name": "Year 2018",
           "data": [1276, 1007, 4561, 746, 42]
         }]  
       
     },
     "line_chart":{   
      "series": [
        {
        "name": "Installation & Developers",
        "data": [43934, 48656, 65165, 81827, 112143, 142383,
          171533, 165174, 155157, 161454, 154610]
      }, {
        "name": "Manufacturing",
        "data": [24916, 37941, 29742, 29851, 32490, 30282,
          38121, 36885, 33726, 34243, 31050]
      }, {
        "name": "Sales & Distribution",
        "data": [11744, 30000, 16005, 19771, 20185, 24377,
          32147, 30912, 29243, 29213, 25663]
      }, {
        "name": "Operations & Maintenance",
        "data": [null, null, null, null, null, null, null,
          null, 11164, 11218, 10077]
      }, {
        "name": "Other",
        "data": [21908, 5548, 8105, 11248, 8989, 11816, 18274,
          17300, 13053, 11906, 10073]
      }] 
      },
      "column_chart":{ 
       "xAxis": {
          "categories": ["Africa", "America", "Asia", "Europe", "Oceania"] 
        },  
        "series": [{
          "name": "Year 1990",
          "data": [631, 727, 3202, 721, 26]
        }, {
          "name": "Year 2000",
          "data": [814, 841, 3714, 726, 31]
        }, {
          "name": "Year 2010",
          "data": [1044, 944, 4170, 735, 40]
        }, {
          "name": "Year 2018",
          "data": [1276, 1007, 4561, 746, 42]
        }]  
    
      },
      "stacked_column":{ 
        "xAxis": {
          "categories": ["Arsenal", "Chelsea", "Liverpool", "Manchester United"]
        },   
        "series": [{
          "name": "BPL",
          "data": [3, 5, 1, 13]
        }, {
          "name": "FA Cup",
          "data": [14, 8, 8, 12]
        }, {
          "name": "CL",
          "data": [0, 2, 6, 3]
        }]
      },
      "stacked_bar":{ 
        "xAxis": {
          "categories": ["2020/21", "2019/20", "2018/19", "2017/18","2016/17"]
        },   
        "series": [{
          "name": "Cristiano Ronaldo",
          "data": [4, 4, 6, 15, 12]
        }, {
          "name": "Lionel Messi",
          "data": [5, 3, 12, 6, 11]
        }, {
          "name": "Robert Lewandowski",
          "data": [5, 15, 8, 5, 8]
        }]
      }, 
      "drilldown_bar_chart":{
          "series" : [ 
            {
              "name": "Browsers",
              "colorByPoint": true,
              "data": [
                  {
                      "name": "Chrome",
                      "y": 61.04,
                      "drilldown": "Chrome"
                    },
                    {
                      "name": "Safari",
                      "y": 9.47,
                      "drilldown": "Safari"
                    },
                    {
                      "name": "Edge",
                      "y": 9.32,
                      "drilldown": "Edge"
                    },
                    {
                      "name": "Firefox",
                      "y": 8.15,
                      "drilldown": "Firefox"
                    },
                    {
                      "name": "Other",
                      "y": 11.02,
                      "drilldown": null
                    } 
            ]
          }
          ],
          "drilldown": {
          "series": [
            {
              "name": "Chrome",
              "id": "Chrome",
              "data": [
                [
                  "v97.0",
                  36.89
                ],
                [
                  "v96.0",
                  18.16
                ],
                [
                  "v95.0",
                  0.54
                ],
                [
                  "v94.0",
                  0.7
                ],
                [
                  "v93.0",
                  0.8
                ],
                [
                  "v92.0",
                  0.41
                ],
                [
                  "v91.0",
                  0.31
                ],
                [
                  "v90.0",
                  0.13
                ],
                [
                  "v89.0",
                  0.14
                ],
                [
                  "v88.0",
                  0.1
                ],
                [
                  "v87.0",
                  0.35
                ],
                [
                  "v86.0",
                  0.17
                ],
                [
                  "v85.0",
                  0.18
                ],
                [
                  "v84.0",
                  0.17
                ],
                [
                  "v83.0",
                  0.21
                ],
                [
                  "v81.0",
                  0.1
                ],
                [
                  "v80.0",
                  0.16
                ],
                [
                  "v79.0",
                  0.43
                ],
                [
                  "v78.0",
                  0.11
                ],
                [
                  "v76.0",
                  0.16
                ],
                [
                  "v75.0",
                  0.15
                ],
                [
                  "v72.0",
                  0.14
                ],
                [
                  "v70.0",
                  0.11
                ],
                [
                  "v69.0",
                  0.13
                ],
                [
                  "v56.0",
                  0.12
                ],
                [
                  "v49.0",
                  0.17
                ]
              ]
            },
            {
              "name": "Safari",
              "id": "Safari",
              "data": [
                [
                  "v15.3",
                  0.1
                ],
                [
                  "v15.2",
                  2.01
                ],
                [
                  "v15.1",
                  2.29
                ],
                [
                  "v15.0",
                  0.49
                ],
                [
                  "v14.1",
                  2.48
                ],
                [
                  "v14.0",
                  0.64
                ],
                [
                  "v13.1",
                  1.17
                ],
                [
                  "v13.0",
                  0.13
                ],
                [
                  "v12.1",
                  0.16
                ]
              ]
            },
            {
              "name": "Edge",
              "id": "Edge",
              "data": [
                [
                  "v97",
                  6.62
                ],
                [
                  "v96",
                  2.55
                ],
                [
                  "v95",
                  0.15
                ]
              ]
            },
            {
              "name": "Firefox",
              "id": "Firefox",
              "data": [
                [
                  "v96.0",
                  4.17
                ],
                [
                  "v95.0",
                  3.33
                ],
                [
                  "v94.0",
                  0.11
                ],
                [
                  "v91.0",
                  0.23
                ],
                [
                  "v78.0",
                  0.16
                ],
                [
                  "v52.0",
                  0.15
                ]
              ]
            }
          ]
          } 
      }, 
      "drilldown_pie_chart": { 
        "series" : [ 
          {
            "name": "Browsers",
            "colorByPoint": true,
            "data": [
                {
                    "name": "Chrome",
                    "y": 61.04,
                    "drilldown": "Chrome"
                  },
                  {
                    "name": "Safari",
                    "y": 9.47,
                    "drilldown": "Safari"
                  },
                  {
                    "name": "Edge",
                    "y": 9.32,
                    "drilldown": "Edge"
                  },
                  {
                    "name": "Firefox",
                    "y": 8.15,
                    "drilldown": "Firefox"
                  },
                  {
                    "name": "Other",
                    "y": 11.02,
                    "drilldown": null
                  } 
          ]
        }
        ],
        "drilldown": {
        "series": [
          {
            "name": "Chrome",
            "id": "Chrome",
            "data": [
              [
                "v97.0",
                36.89
              ],
              [
                "v96.0",
                18.16
              ],
              [
                "v95.0",
                0.54
              ],
              [
                "v94.0",
                0.7
              ],
              [
                "v93.0",
                0.8
              ],
              [
                "v92.0",
                0.41
              ],
              [
                "v91.0",
                0.31
              ],
              [
                "v90.0",
                0.13
              ],
              [
                "v89.0",
                0.14
              ],
              [
                "v88.0",
                0.1
              ],
              [
                "v87.0",
                0.35
              ],
              [
                "v86.0",
                0.17
              ],
              [
                "v85.0",
                0.18
              ],
              [
                "v84.0",
                0.17
              ],
              [
                "v83.0",
                0.21
              ],
              [
                "v81.0",
                0.1
              ],
              [
                "v80.0",
                0.16
              ],
              [
                "v79.0",
                0.43
              ],
              [
                "v78.0",
                0.11
              ],
              [
                "v76.0",
                0.16
              ],
              [
                "v75.0",
                0.15
              ],
              [
                "v72.0",
                0.14
              ],
              [
                "v70.0",
                0.11
              ],
              [
                "v69.0",
                0.13
              ],
              [
                "v56.0",
                0.12
              ],
              [
                "v49.0",
                0.17
              ]
            ]
          },
          {
            "name": "Safari",
            "id": "Safari",
            "data": [
              [
                "v15.3",
                0.1
              ],
              [
                "v15.2",
                2.01
              ],
              [
                "v15.1",
                2.29
              ],
              [
                "v15.0",
                0.49
              ],
              [
                "v14.1",
                2.48
              ],
              [
                "v14.0",
                0.64
              ],
              [
                "v13.1",
                1.17
              ],
              [
                "v13.0",
                0.13
              ],
              [
                "v12.1",
                0.16
              ]
            ]
          },
          {
            "name": "Edge",
            "id": "Edge",
            "data": [
              [
                "v97",
                6.62
              ],
              [
                "v96",
                2.55
              ],
              [
                "v95",
                0.15
              ]
            ]
          },
          {
            "name": "Firefox",
            "id": "Firefox",
            "data": [
              [
                "v96.0",
                4.17
              ],
              [
                "v95.0",
                3.33
              ],
              [
                "v94.0",
                0.11
              ],
              [
                "v91.0",
                0.23
              ],
              [
                "v78.0",
                0.16
              ],
              [
                "v52.0",
                0.15
              ]
            ]
          }
        ]
        }  
      }, 
      "drilldown_line_chart":{ 
          "series": [
             {
             "name": "Things",
             "colorByPoint": true,
             "data": [{
                   "name": "Animals",
                   "y": 5,
                   "drilldown": "animals"
             }, {
                   "name": "Fruits",
                   "y": 2,
                   "drilldown": "fruits"
             }, {
                   "name": "Cars",
                   "y": 4,
                   "drilldown": "cars"
             }]
             },
             {
             "name": "vehicles",
             "colorByPoint": true,
             "data": [{
                   "name": "Vehicle 1",
                   "y": 25,
                   "drilldown": "vehicle1"
             }, {
                   "name": "Vehicle 2",
                   "y": 25,
                   "drilldown": "vehicle2"
             }, {
                   "name": "Vehicle 3",
                   "y": 45,
                   "drilldown": "vehicle3"
             }]
             }
             ],
             "drilldown": {
             "series": [
                {
                   "id": "animals",
                   "data": [
                      ["Cats", 4],
                      ["Dogs", 2],
                      ["Cows", 1],
                      ["Sheep", 2],
                      ["Pigs", 1]
                   ]
             }, {
                   "id": "fruits",
                   "data": [
                      ["Apples", 4],
                      ["Oranges", 2]
                   ]
             }, {
                   "id": "cars",
                   "data": [
                      ["Toyota", 4],
                      ["Opel", 2],
                      ["Volkswagen", 2]
                   ]
             }, {
                "id": "vehicle1",
                "data": [
                   ["Toyota", 4],
                   ["Opel", 2],
                   ["Volkswagen", 2]
                ]
             },{
             "id": "vehicle2",
             "data": [
                   ["Toyota", 12],
                   ["Opel", 12],
                   ["Volkswagen", 2]
             ]
             },{
             "id": "vehicle3",
             "data": [
                   ["Toyota", 5],
                   ["Opel", 4],
                   ["Volkswagen", 1]
             ]
             }
             ]
             }
      }, 
       "table1":{
          "heading":{
             "AccountType":"Account Type",
             "Currency":"Currency",
             "Amount":"Amount"
          }, 
          "data":[
             {
             "AccountType":"Savings",
             "Currency":"GBP",
             "Amount":"1771.42"
          }, {
          "AccountType":"Current",
          "Currency":"GBP",
          "Amount":"7830.00"
       }, {
          "AccountType":"Recurring Deposite",
          "Currency":"GBP",
          "Amount":"22730.11"
       }, {
          "AccountType":"Term Deposite",
          "Currency":"GBP",
          "Amount":"103000.00"
       }, {
          "AccountType":"Wealth",
          "Currency":"GBP",
          "Amount":"10000.00"
       }, {
          "AccountType":"Credit Card",
          "Currency":"GBP",
          "Amount":"98.00"
       },{
        "AccountType":"Credit Card 2",
        "Currency":"GBP",
        "Amount":"98.00"
     },{
      "AccountType":"Credit Card 3",
      "Currency":"GBP",
      "Amount":"98.00"
   },{
    "AccountType":"Credit Card 4",
    "Currency":"GBP",
    "Amount":"98.00"
 },{
  "AccountType":"Credit Card 5",
  "Currency":"GBP",
  "Amount":"98.00"
},{
  "AccountType":"Credit Card 6",
  "Currency":"GBP",
  "Amount":"98.00"
},{
  "AccountType":"Credit Card 7",
  "Currency":"GBP",
  "Amount":"98.00"
},{
  "AccountType":"Credit Card 8",
  "Currency":"GBP",
  "Amount":"98.00"
},{
  "AccountType":"Credit Card 9",
  "Currency":"GBP",
  "Amount":"98.00"
},{
  "AccountType":"Credit Card 10",
  "Currency":"GBP",
  "Amount":"98.00"
}] 
       }, 
       "transactions1Tbl":{ 
          "heading": {
          "Date":"Date",
          "Type":"Type",
          "Narration":"Narration",
          "FCY_GBP":"FCY(GBP)",
          "CurrentRate":"Currentt Rate",
          "LCY_GBP":"LCY(GBP)" 
       },
       "caption": "Caption Text Here",
       "footer": {
        "Date":"12-08-2023",
        "Type":"CR",
        "Narration":"NEFT",
        "FCY_GBP":"88",
        "CurrentRate":"12",
        "LCY_GBP":"33" 
     },
       "data":[
          {
             "Date":"3-APR-15",
             "Type":"CR",
             "Narration":"NET TXN: IIFL IIFL3557346",
             "FCY_GBP":"1666.67",
             "CurrentRate":"1.062",
             "LCY_GBP":"1"
          },
          {
             "Date":"1-APR-15",
             "Type":"CR",
             "Narration":"NEFT: 10204083732 -THE GREATER Bank of New York",
             "FCY_GBP":"0.38",
             "CurrentRate":"1.473",
             "LCY_GBP":"2"
          },
          {
             "Date":"1-APR-15",
             "Type":"DR",
             "Narration":"NET TXN: FUNDS TRF FROM 000490700001137",
             "FCY_GBP":"-5017.56",
             "CurrentRate":"1.560",
             "LCY_GBP":"3"
          },
          {
             "Date":"31-MAR-15",
             "Type":"CR",
             "Narration":"NET TXN: IIFL IIFL3557346",
             "FCY_GBP":"7.37",
             "CurrentRate":"1.062",
             "LCY_GBP":"4"
          },
          {
             "Date":"31-MAR-15",
             "Type":"DR",
             "Narration":"NET TXN: IIFL IIFL3557346",
             "FCY_GBP":"-1151.91",
             "CurrentRate":"1.062",
             "LCY_GBP":"5"
          },
          {
             "Date":"31-MAR-15",
             "Type":"DR",
             "Narration":"LD1508340249",
             "FCY_GBP":"7.37",
             "CurrentRate":"1.062",
             "LCY_GBP":"6"
          },
          {
             "Date":"24-MAR-15",
             "Type":"DR",
             "Narration":"PCI:0500010827:1000156311283:ODEL PLC-459050",
             "FCY_GBP":"-30.64",
             "CurrentRate":"1.473",
             "LCY_GBP":"7"
          },
          {
             "Date":"24-MAR-15",
             "Type":"CR",
             "Narration":"PCD:0500010827:9993715077628:COTTON COLL-085222",
             "FCY_GBP":"1696.21",
             "CurrentRate":"1.473",
             "LCY_GBP":"8"
          },
          {
             "Date":"24-MAR-15",
             "Type":"DR",
             "Narration":"NET TXN: RENT FOR FEB 2013",
             "FCY_GBP":"-296.46",
             "CurrentRate":"1.473",
             "LCY_GBP":"9"
          },
          {
             "Date":"1-APR-15",
             "Type":"CR",
             "Narration":"NEFT: 10204083732 -THE GREATER Bank of New York",
             "FCY_GBP":"0.38",
             "CurrentRate":"1.473",
             "LCY_GBP":"10"
          },
          {
             "Date":"1-APR-15",
             "Type":"DR",
             "Narration":"NET TXN: FUNDS TRF FROM 000490700001137",
             "FCY_GBP":"-5017.56",
             "CurrentRate":"1.560",
             "LCY_GBP":"11"
          },
          {
             "Date":"31-MAR-15",
             "Type":"CR",
             "Narration":"NET TXN: IIFL IIFL3557346",
             "FCY_GBP":"7.37",
             "CurrentRate":"1.062",
             "LCY_GBP":"12"
          },
          {
             "Date":"31-MAR-15",
             "Type":"DR",
             "Narration":"NET TXN: IIFL IIFL3557346",
             "FCY_GBP":"-1151.91",
             "CurrentRate":"1.062",
             "LCY_GBP":"13"
          },
          {
             "Date":"31-MAR-15",
             "Type":"DR",
             "Narration":"LD1508340249",
             "FCY_GBP":"7.37",
             "CurrentRate":"1.062",
             "LCY_GBP":"14"
          },
          {
             "Date":"24-MAR-15",
             "Type":"DR",
             "Narration":"PCI:0500010827:1000156311283:ODEL PLC-459050",
             "FCY_GBP":"-30.64",
             "CurrentRate":"1.473",
             "LCY_GBP":"15"
          },
          {
             "Date":"24-MAR-15",
             "Type":"CR",
             "Narration":"PCD:0500010827:9993715077628:COTTON COLL-085222",
             "FCY_GBP":"1696.21",
             "CurrentRate":"1.473",
             "LCY_GBP":"16"
          },
          {
             "Date":"24-MAR-15",
             "Type":"DR",
             "Narration":"NET TXN: RENT FOR FEB 2013",
             "FCY_GBP":"-296.46",
             "CurrentRate":"1.473",
             "LCY_GBP":"17"
          },
          {
             "Date":"1-APR-15",
             "Type":"CR",
             "Narration":"NEFT: 10204083732 -THE GREATER Bank of New York",
             "FCY_GBP":"0.38",
             "CurrentRate":"1.473",
             "LCY_GBP":"18"
          },
          {
             "Date":"1-APR-15",
             "Type":"DR",
             "Narration":"NET TXN: FUNDS TRF FROM 000490700001137",
             "FCY_GBP":"-5017.56",
             "CurrentRate":"1.560",
             "LCY_GBP":"19"
          },
          {
             "Date":"31-MAR-15",
             "Type":"CR",
             "Narration":"NET TXN: IIFL IIFL3557346",
             "FCY_GBP":"7.37",
             "CurrentRate":"1.062",
             "LCY_GBP":"20"
          },
          {
             "Date":"31-MAR-15",
             "Type":"DR",
             "Narration":"NET TXN: IIFL IIFL3557346",
             "FCY_GBP":"-1151.91",
             "CurrentRate":"1.062",
             "LCY_GBP":"21"
          },
          {
             "Date":"31-MAR-15",
             "Type":"DR",
             "Narration":"LD1508340249",
             "FCY_GBP":"7.37",
             "CurrentRate":"1.062",
             "LCY_GBP":"22"
          },
          {
             "Date":"24-MAR-15",
             "Type":"DR",
             "Narration":"PCI:0500010827:1000156311283:ODEL PLC-459050",
             "FCY_GBP":"-30.64",
             "CurrentRate":"1.473",
             "LCY_GBP":"23"
          },
          {
             "Date":"24-MAR-15",
             "Type":"CR",
             "Narration":"PCD:0500010827:9993715077628:COTTON COLL-085222",
             "FCY_GBP":"1696.21",
             "CurrentRate":"1.473",
             "LCY_GBP":"24"
          },
          {
             "Date":"24-MAR-15",
             "Type":"DR",
             "Narration":"NET TXN: RENT FOR FEB 2013",
             "FCY_GBP":"-296.46",
             "CurrentRate":"1.473",
             "LCY_GBP":"25"
          }
       ]
       }, 
       "dematTable1":{
          "heading": {
             "Account_No":"Account No",
             "Installment_Amount_GBP":"Installment Amount(GBP)",
             "Deposit_Start_Date":"Deposit Start Date",
             "Tenure_Month":"Tenure(Month)",
             "Intrest_Rate":"Intrest Rate",
             "Maturity_Amount_GBP":"Maturity Amount(GBP)",
             "Installment_Paid":"Installment Paid",
             "Current_Balance_GBP":"Current Balance(GBP)"
          },
          "data":[
          {
             "Account_No":"0118196000210",
             "Installment_Amount_GBP":"2500.00",
             "Deposit_Start_Date":"12-JUN-15",
             "Tenure_Month":"36",
             "Intrest_Rate":"3.05%",
             "Maturity_Amount_GBP":"93888.62",
             "Installment_Paid":"9",
             "Current_Balance_GBP":"22730.11"
          }
       ]
       },
       "dematTable2":{
          "heading": {
             "Installment_Number":"Installment Number",
             "Installment_Due_Date":"Installment Due Date",
             "Amount_Paid_GBP":"Amount Paid(GBP)",
             "Running_Balance_GBP":"Running Balance(GBP)"
          },
       "data":[
          {
             "Installment_Number":"9",
             "Installment_Due_Date":"12-MAR-16",
             "Amount_Paid_GBP":"2500.00",
             "Running_Balance_GBP":"22730.11"
          },
          {
             "Installment_Number":"8",
             "Installment_Due_Date":"12-FEB-16",
             "Amount_Paid_GBP":"2500.00",
             "Running_Balance_GBP":"20178.82"
          },
          {
             "Installment_Number":"7",
             "Installment_Due_Date":"12-JAN-16",
             "Amount_Paid_GBP":"2500.00",
             "Running_Balance_GBP":"17634.00"
          },
          {
             "Installment_Number":"6",
             "Installment_Due_Date":"12-DEC-15",
             "Amount_Paid_GBP":"2500.00",
             "Running_Balance_GBP":"15095.64"
          },
          {
             "Installment_Number":"5",
             "Installment_Due_Date":"12-NOV-15",
             "Amount_Paid_GBP":"2500.00",
             "Running_Balance_GBP":"12563.70"
          }
       ]
       }
   },
   "hindi":{
      "SA":[
         {
            "name":"विशाल",
            "surname":"मिश्रा",
            "address":"मुंबई"
         },
         {
            "name":"सुमित",
            "surname":"मिश्रा",
            "address":"मुंबई"
         }
      ],  
      "pie_chart":{  
        "series" : [{  
              "data":  [
                {
                 "name": "Saving", 
                 "y": 1.2 
              },
              {
                 "name": "Current", 
                 "y": 5.4
              },
              {
                 "name": "Recurring Deposit", 
                 "y": 15.6 
              },
              {
                 "name": "Term Deposit", 
                 "y": 70.8 
              },
              {
                 "name": "Weath", 
                 "y": 6.9 
              },
              {
                 "name": "Credit Card", 
                 "y": 0.9 
              } ,
              {
                 "name": "Credit Card 2", 
                 "y": 0.9 
              },
              {
                 "name": "Credit Card 3", 
                 "y": 0.9 
              }]
        }
        ] 
      }, 
      "bar_chart":{  
       "xAxis": {
           "categories": ["Africa", "America", "Asia", "Europe", "Oceania"] 
         }, 
         "series": [{
           "name": "Year 1990",
           "data": [631, 727, 3202, 721, 26]
         }, {
           "name": "Year 2000",
           "data": [814, 841, 3714, 726, 31]
         }, {
           "name": "Year 2010",
           "data": [1044, 944, 4170, 735, 40]
         }, {
           "name": "Year 2018",
           "data": [1276, 1007, 4561, 746, 42]
         }]  
       
     },
     "line_chart":{   
      "series": [
        {
        "name": "Installation & Developers",
        "data": [43934, 48656, 65165, 81827, 112143, 142383,
          171533, 165174, 155157, 161454, 154610]
      }, {
        "name": "Manufacturing",
        "data": [24916, 37941, 29742, 29851, 32490, 30282,
          38121, 36885, 33726, 34243, 31050]
      }, {
        "name": "Sales & Distribution",
        "data": [11744, 30000, 16005, 19771, 20185, 24377,
          32147, 30912, 29243, 29213, 25663]
      }, {
        "name": "Operations & Maintenance",
        "data": [null, null, null, null, null, null, null,
          null, 11164, 11218, 10077]
      }, {
        "name": "Other",
        "data": [21908, 5548, 8105, 11248, 8989, 11816, 18274,
          17300, 13053, 11906, 10073]
      }] 
      },
      "column_chart":{ 
       "xAxis": {
          "categories": ["Africa", "America", "Asia", "Europe", "Oceania"] 
        },  
        "series": [{
          "name": "Year 1990",
          "data": [631, 727, 3202, 721, 26]
        }, {
          "name": "Year 2000",
          "data": [814, 841, 3714, 726, 31]
        }, {
          "name": "Year 2010",
          "data": [1044, 944, 4170, 735, 40]
        }, {
          "name": "Year 2018",
          "data": [1276, 1007, 4561, 746, 42]
        }]  
    
      },
      "stacked_column":{ 
        "xAxis": {
          "categories": ["Arsenal", "Chelsea", "Liverpool", "Manchester United"]
        },   
        "series": [{
          "name": "BPL",
          "data": [3, 5, 1, 13]
        }, {
          "name": "FA Cup",
          "data": [14, 8, 8, 12]
        }, {
          "name": "CL",
          "data": [0, 2, 6, 3]
        }]
      },
      "stacked_bar":{ 
        "xAxis": {
          "categories": ["2020/21", "2019/20", "2018/19", "2017/18","2016/17"]
        },   
        "series": [{
          "name": "Cristiano Ronaldo",
          "data": [4, 4, 6, 15, 12]
        }, {
          "name": "Lionel Messi",
          "data": [5, 3, 12, 6, 11]
        }, {
          "name": "Robert Lewandowski",
          "data": [5, 15, 8, 5, 8]
        }]
      }, 
      "drilldown_bar_chart":{
          "series" : [ 
            {
              "name": "Browsers",
              "colorByPoint": true,
              "data": [
                  {
                      "name": "Chrome",
                      "y": 61.04,
                      "drilldown": "Chrome"
                    },
                    {
                      "name": "Safari",
                      "y": 9.47,
                      "drilldown": "Safari"
                    },
                    {
                      "name": "Edge",
                      "y": 9.32,
                      "drilldown": "Edge"
                    },
                    {
                      "name": "Firefox",
                      "y": 8.15,
                      "drilldown": "Firefox"
                    },
                    {
                      "name": "Other",
                      "y": 11.02,
                      "drilldown": null
                    } 
            ]
          }
          ],
          "drilldown": {
          "series": [
            {
              "name": "Chrome",
              "id": "Chrome",
              "data": [
                [
                  "v97.0",
                  36.89
                ],
                [
                  "v96.0",
                  18.16
                ],
                [
                  "v95.0",
                  0.54
                ],
                [
                  "v94.0",
                  0.7
                ],
                [
                  "v93.0",
                  0.8
                ],
                [
                  "v92.0",
                  0.41
                ],
                [
                  "v91.0",
                  0.31
                ],
                [
                  "v90.0",
                  0.13
                ],
                [
                  "v89.0",
                  0.14
                ],
                [
                  "v88.0",
                  0.1
                ],
                [
                  "v87.0",
                  0.35
                ],
                [
                  "v86.0",
                  0.17
                ],
                [
                  "v85.0",
                  0.18
                ],
                [
                  "v84.0",
                  0.17
                ],
                [
                  "v83.0",
                  0.21
                ],
                [
                  "v81.0",
                  0.1
                ],
                [
                  "v80.0",
                  0.16
                ],
                [
                  "v79.0",
                  0.43
                ],
                [
                  "v78.0",
                  0.11
                ],
                [
                  "v76.0",
                  0.16
                ],
                [
                  "v75.0",
                  0.15
                ],
                [
                  "v72.0",
                  0.14
                ],
                [
                  "v70.0",
                  0.11
                ],
                [
                  "v69.0",
                  0.13
                ],
                [
                  "v56.0",
                  0.12
                ],
                [
                  "v49.0",
                  0.17
                ]
              ]
            },
            {
              "name": "Safari",
              "id": "Safari",
              "data": [
                [
                  "v15.3",
                  0.1
                ],
                [
                  "v15.2",
                  2.01
                ],
                [
                  "v15.1",
                  2.29
                ],
                [
                  "v15.0",
                  0.49
                ],
                [
                  "v14.1",
                  2.48
                ],
                [
                  "v14.0",
                  0.64
                ],
                [
                  "v13.1",
                  1.17
                ],
                [
                  "v13.0",
                  0.13
                ],
                [
                  "v12.1",
                  0.16
                ]
              ]
            },
            {
              "name": "Edge",
              "id": "Edge",
              "data": [
                [
                  "v97",
                  6.62
                ],
                [
                  "v96",
                  2.55
                ],
                [
                  "v95",
                  0.15
                ]
              ]
            },
            {
              "name": "Firefox",
              "id": "Firefox",
              "data": [
                [
                  "v96.0",
                  4.17
                ],
                [
                  "v95.0",
                  3.33
                ],
                [
                  "v94.0",
                  0.11
                ],
                [
                  "v91.0",
                  0.23
                ],
                [
                  "v78.0",
                  0.16
                ],
                [
                  "v52.0",
                  0.15
                ]
              ]
            }
          ]
          } 
      }, 
      "drilldown_pie_chart": { 
        "series" : [ 
          {
            "name": "Browsers",
            "colorByPoint": true,
            "data": [
                {
                    "name": "Chrome",
                    "y": 61.04,
                    "drilldown": "Chrome"
                  },
                  {
                    "name": "Safari",
                    "y": 9.47,
                    "drilldown": "Safari"
                  },
                  {
                    "name": "Edge",
                    "y": 9.32,
                    "drilldown": "Edge"
                  },
                  {
                    "name": "Firefox",
                    "y": 8.15,
                    "drilldown": "Firefox"
                  },
                  {
                    "name": "Other",
                    "y": 11.02,
                    "drilldown": null
                  } 
          ]
        }
        ],
        "drilldown": {
        "series": [
          {
            "name": "Chrome",
            "id": "Chrome",
            "data": [
              [
                "v97.0",
                36.89
              ],
              [
                "v96.0",
                18.16
              ],
              [
                "v95.0",
                0.54
              ],
              [
                "v94.0",
                0.7
              ],
              [
                "v93.0",
                0.8
              ],
              [
                "v92.0",
                0.41
              ],
              [
                "v91.0",
                0.31
              ],
              [
                "v90.0",
                0.13
              ],
              [
                "v89.0",
                0.14
              ],
              [
                "v88.0",
                0.1
              ],
              [
                "v87.0",
                0.35
              ],
              [
                "v86.0",
                0.17
              ],
              [
                "v85.0",
                0.18
              ],
              [
                "v84.0",
                0.17
              ],
              [
                "v83.0",
                0.21
              ],
              [
                "v81.0",
                0.1
              ],
              [
                "v80.0",
                0.16
              ],
              [
                "v79.0",
                0.43
              ],
              [
                "v78.0",
                0.11
              ],
              [
                "v76.0",
                0.16
              ],
              [
                "v75.0",
                0.15
              ],
              [
                "v72.0",
                0.14
              ],
              [
                "v70.0",
                0.11
              ],
              [
                "v69.0",
                0.13
              ],
              [
                "v56.0",
                0.12
              ],
              [
                "v49.0",
                0.17
              ]
            ]
          },
          {
            "name": "Safari",
            "id": "Safari",
            "data": [
              [
                "v15.3",
                0.1
              ],
              [
                "v15.2",
                2.01
              ],
              [
                "v15.1",
                2.29
              ],
              [
                "v15.0",
                0.49
              ],
              [
                "v14.1",
                2.48
              ],
              [
                "v14.0",
                0.64
              ],
              [
                "v13.1",
                1.17
              ],
              [
                "v13.0",
                0.13
              ],
              [
                "v12.1",
                0.16
              ]
            ]
          },
          {
            "name": "Edge",
            "id": "Edge",
            "data": [
              [
                "v97",
                6.62
              ],
              [
                "v96",
                2.55
              ],
              [
                "v95",
                0.15
              ]
            ]
          },
          {
            "name": "Firefox",
            "id": "Firefox",
            "data": [
              [
                "v96.0",
                4.17
              ],
              [
                "v95.0",
                3.33
              ],
              [
                "v94.0",
                0.11
              ],
              [
                "v91.0",
                0.23
              ],
              [
                "v78.0",
                0.16
              ],
              [
                "v52.0",
                0.15
              ]
            ]
          }
        ]
        }  
      }, 
      "drilldown_line_chart":{ 
          "series": [
             {
             "name": "Things",
             "colorByPoint": true,
             "data": [{
                   "name": "Animals",
                   "y": 5,
                   "drilldown": "animals"
             }, {
                   "name": "Fruits",
                   "y": 2,
                   "drilldown": "fruits"
             }, {
                   "name": "Cars",
                   "y": 4,
                   "drilldown": "cars"
             }]
             },
             {
             "name": "vehicles",
             "colorByPoint": true,
             "data": [{
                   "name": "Vehicle 1",
                   "y": 25,
                   "drilldown": "vehicle1"
             }, {
                   "name": "Vehicle 2",
                   "y": 25,
                   "drilldown": "vehicle2"
             }, {
                   "name": "Vehicle 3",
                   "y": 45,
                   "drilldown": "vehicle3"
             }]
             }
             ],
             "drilldown": {
             "series": [
                {
                   "id": "animals",
                   "data": [
                      ["Cats", 4],
                      ["Dogs", 2],
                      ["Cows", 1],
                      ["Sheep", 2],
                      ["Pigs", 1]
                   ]
             }, {
                   "id": "fruits",
                   "data": [
                      ["Apples", 4],
                      ["Oranges", 2]
                   ]
             }, {
                   "id": "cars",
                   "data": [
                      ["Toyota", 4],
                      ["Opel", 2],
                      ["Volkswagen", 2]
                   ]
             }, {
                "id": "vehicle1",
                "data": [
                   ["Toyota", 4],
                   ["Opel", 2],
                   ["Volkswagen", 2]
                ]
             },{
             "id": "vehicle2",
             "data": [
                   ["Toyota", 12],
                   ["Opel", 12],
                   ["Volkswagen", 2]
             ]
             },{
             "id": "vehicle3",
             "data": [
                   ["Toyota", 5],
                   ["Opel", 4],
                   ["Volkswagen", 1]
             ]
             }
             ]
             }
      }, 
      "table1":{
         "heading":{
            "AccountType":"Account Type",
            "Currency":"Currency",
            "Amount":"Amount"
         }, 
         "data":[
            {
            "AccountType":"Savings",
            "Currency":"GBP",
            "Amount":"1771.42"
         }, {
         "AccountType":"Current",
         "Currency":"GBP",
         "Amount":"7830.00"
      }, {
         "AccountType":"Recurring Deposite",
         "Currency":"GBP",
         "Amount":"22730.11"
      }, {
         "AccountType":"Term Deposite",
         "Currency":"GBP",
         "Amount":"103000.00"
      }, {
         "AccountType":"Wealth",
         "Currency":"GBP",
         "Amount":"10000.00"
      }, {
         "AccountType":"Credit Card",
         "Currency":"GBP",
         "Amount":"98.00"
      }] 
      }, 
      "transactions1Tbl":{ 
         "heading": {
         "Date":"Date",
         "Type":"Type",
         "Narration":"Narration",
         "FCY_GBP":"FCY(GBP)",
         "CurrentRate":"Currentt Rate",
         "LCY_GBP":"LCY(GBP)" 
      },
      "data":[
         {
            "Date":"3-APR-15",
            "Type":"CR",
            "Narration":"NET TXN: IIFL IIFL3557346",
            "FCY_GBP":"1666.67",
            "CurrentRate":"1.062",
            "LCY_GBP":"1771.42"
         },
         {
            "Date":"1-APR-15",
            "Type":"CR",
            "Narration":"NEFT: 10204083732 -THE GREATER Bank of New York",
            "FCY_GBP":"0.38",
            "CurrentRate":"1.473",
            "LCY_GBP":"0.56"
         },
         {
            "Date":"1-APR-15",
            "Type":"DR",
            "Narration":"NET TXN: FUNDS TRF FROM 000490700001137",
            "FCY_GBP":"-5017.56",
            "CurrentRate":"1.560",
            "LCY_GBP":"-7830.89"
         },
         {
            "Date":"31-MAR-15",
            "Type":"CR",
            "Narration":"NET TXN: IIFL IIFL3557346",
            "FCY_GBP":"7.37",
            "CurrentRate":"1.062",
            "LCY_GBP":"7.83"
         },
         {
            "Date":"31-MAR-15",
            "Type":"DR",
            "Narration":"NET TXN: IIFL IIFL3557346",
            "FCY_GBP":"-1151.91",
            "CurrentRate":"1.062",
            "LCY_GBP":"-1224.31"
         },
         {
            "Date":"31-MAR-15",
            "Type":"DR",
            "Narration":"LD1508340249",
            "FCY_GBP":"7.37",
            "CurrentRate":"1.062",
            "LCY_GBP":"-1224.31"
         },
         {
            "Date":"24-MAR-15",
            "Type":"DR",
            "Narration":"PCI:0500010827:1000156311283:ODEL PLC-459050",
            "FCY_GBP":"-30.64",
            "CurrentRate":"1.473",
            "LCY_GBP":"-45.15"
         },
         {
            "Date":"24-MAR-15",
            "Type":"CR",
            "Narration":"PCD:0500010827:9993715077628:COTTON COLL-085222",
            "FCY_GBP":"1696.21",
            "CurrentRate":"1.473",
            "LCY_GBP":"2500.03"
         },
         {
            "Date":"24-MAR-15",
            "Type":"DR",
            "Narration":"NET TXN: RENT FOR FEB 2013",
            "FCY_GBP":"-296.46",
            "CurrentRate":"1.473",
            "LCY_GBP":"-436.87"
         }
      ]
      }, 
      "dematTable1":{
         "heading": {
            "Account_No":"Account No",
            "Installment_Amount_GBP":"Installment Amount(GBP)",
            "Deposit_Start_Date":"Deposit Start Date",
            "Tenure_Month":"Tenure(Month)",
            "Intrest_Rate":"Intrest Rate",
            "Maturity_Amount_GBP":"Maturity Amount(GBP)",
            "Installment_Paid":"Installment Paid",
            "Current_Balance_GBP":"Current Balance(GBP)"
         },
         "data":[
         {
            "Account_No":"0118196000210",
            "Installment_Amount_GBP":"2500.00",
            "Deposit_Start_Date":"12-JUN-15",
            "Tenure_Month":"36",
            "Intrest_Rate":"3.05%",
            "Maturity_Amount_GBP":"93888.62",
            "Installment_Paid":"9",
            "Current_Balance_GBP":"22730.11"
         }
      ]
      },
      "dematTable2":{
         "heading": {
            "Installment_Number":"किश्त संख्या",
            "Installment_Due_Date":"किस्त देय तिथि",
            "Amount_Paid_GBP":"भुगतान की गई राशि (जीबीपी)",
            "Running_Balance_GBP":"रनिंग बैलेंस (जीबीपी)"
         },
      "data":[
         {
            "Installment_Number":"9",
            "Installment_Due_Date":"12-MAR-16",
            "Amount_Paid_GBP":"2500.00",
            "Running_Balance_GBP":"22730.11"
         },
         {
            "Installment_Number":"8",
            "Installment_Due_Date":"12-FEB-16",
            "Amount_Paid_GBP":"2500.00",
            "Running_Balance_GBP":"20178.82"
         },
         {
            "Installment_Number":"7",
            "Installment_Due_Date":"12-JAN-16",
            "Amount_Paid_GBP":"2500.00",
            "Running_Balance_GBP":"17634.00"
         },
         {
            "Installment_Number":"6",
            "Installment_Due_Date":"12-DEC-15",
            "Amount_Paid_GBP":"2500.00",
            "Running_Balance_GBP":"15095.64"
         },
         {
            "Installment_Number":"5",
            "Installment_Due_Date":"12-NOV-15",
            "Amount_Paid_GBP":"2500.00",
            "Running_Balance_GBP":"12563.70"
         }
      ]
      } 
   }
}