<?xml version="1.0" encoding="UTF-8"?>

  <english>
    <audioLink>https://www.w3schools.com/html/horse.mp3</audioLink>
    <summery>2000, 3000, 4000, Insert Your text here, sample data loading</summery>
    <CASA>विशाल</CASA>
    <deposit>deposits data</deposit>
    <loans>loans data test 1234</loans>
    <Invesment>Invesment data</Invesment>
    <contact_us>contact us data</contact_us>
    <videoLink>https://www.google.com/url?sa=i&amp;url=https%3A%2F%2Fwww.istockphoto.com%2Fstock-photos%2Fnature-and-landscapes&amp;psig=AOvVaw06kWXmJZRuKP8xq3RM7ZC9&amp;ust=1760162801442000&amp;source=images&amp;cd=vfe&amp;opi=89978449&amp;ved=0CBIQjRxqFwoTCOC9stj7mJADFQAAAAAdAAAAABAE</videoLink>
    
    <SA>
      <item>Chinmay</item>
      <item>Vishal</item>
      <item>Durgesh</item>
    </SA>
    
    <analytics_pie>
      <series>
        <item>
          <data>
            <item><name>Saving</name><y>1.2</y></item>
            <item><name>Current</name><y>5.4</y></item>
            <item><name>Recurring Deposit</name><y>15.6</y></item>
            <item><name>Term Deposit</name><y>70.8</y></item>
            <item><name>Weath</name><y>6.9</y></item>
            <item><name>Credit Card</name><y>0.9</y></item>
          </data>
        </item>
      </series>
    </analytics_pie>
    
    <pie_chart>
      <chart>
        <type>pie</type>
        <width>600</width>
        <spacingRight>150</spacingRight>
      </chart>
      <legend>
        <verticalAlign>top</verticalAlign>
        <align>center</align>
        <layout>horizontal</layout>
      </legend>
      <series>
        <item>
          <data>
            <item><name>Saving</name><y>1.2</y><color>#FF5733</color></item>
            <item><name>Current</name><y>5.4</y><color>#33FF57</color></item>
            <item><name>Recurring Deposit</name><y>15.6</y><color>#3357FF</color></item>
            <item><name>Term Deposit</name><y>70.8</y><color>#FF33A1</color></item>
            <item><name>Weath</name><y>6.9</y><color>#FFC300</color></item>
            <item><name>Credit Card</name><y>0.9</y><color>#8E44AD</color></item>
          </data>
        </item>
      </series>
    </pie_chart>
    
    <bar_chart>
      <xAxis>
        <categories>
          <item>Africa</item>
          <item>America</item>
          <item>Asia</item>
          <item>Europe</item>
          <item>Oceania</item>
        </categories>
      </xAxis>
      <series>
        <item>
          <name>Year 1990</name>
          <data>
            <item>631</item>
            <item>727</item>
            <item>3202</item>
            <item>721</item>
            <item>26</item>
          </data>
        </item>
        <item>
          <name>Year 2000</name>
          <data>
            <item>814</item>
            <item>841</item>
            <item>3714</item>
            <item>726</item>
            <item>31</item>
          </data>
        </item>
        <item>
          <name>Year 2010</name>
          <data>
            <item>1044</item>
            <item>944</item>
            <item>4170</item>
            <item>735</item>
            <item>40</item>
          </data>
        </item>
        <item>
          <name>Year 2018</name>
          <data>
            <item>1276</item>
            <item>1007</item>
            <item>4561</item>
            <item>746</item>
            <item>42</item>
          </data>
        </item>
      </series>
    </bar_chart>
    
    <line_chart>
      <series>
        <item>
          <name>Installation &amp; Developers</name>
          <data>
            <item>43934</item>
            <item>48656</item>
            <item>65165</item>
            <item>81827</item>
            <item>112143</item>
            <item>142383</item>
            <item>171533</item>
            <item>165174</item>
            <item>155157</item>
            <item>161454</item>
            <item>154610</item>
          </data>
        </item>
        <item>
          <name>Manufacturing</name>
          <data>
            <item>24916</item>
            <item>37941</item>
            <item>29742</item>
            <item>29851</item>
            <item>32490</item>
            <item>30282</item>
            <item>38121</item>
            <item>36885</item>
            <item>33726</item>
            <item>34243</item>
            <item>31050</item>
          </data>
        </item>
        <item>
          <name>Sales &amp; Distribution</name>
          <data>
            <item>11744</item>
            <item>30000</item>
            <item>16005</item>
            <item>19771</item>
            <item>20185</item>
            <item>24377</item>
            <item>32147</item>
            <item>30912</item>
            <item>29243</item>
            <item>29213</item>
            <item>25663</item>
          </data>
        </item>
        <item>
          <name>Operations &amp; Maintenance</name>
          <data>
            <item></item>
            <item></item>
            <item></item>
            <item></item>
            <item></item>
            <item></item>
            <item></item>
            <item></item>
            <item>11164</item>
            <item>11218</item>
            <item>10077</item>
          </data>
        </item>
        <item>
          <name>Other</name>
          <data>
            <item>21908</item>
            <item>5548</item>
            <item>8105</item>
            <item>11248</item>
            <item>8989</item>
            <item>11816</item>
            <item>18274</item>
            <item>17300</item>
            <item>13053</item>
            <item>11906</item>
            <item>10073</item>
          </data>
        </item>
      </series>
    </line_chart>
    
    <column_chart>
      <xAxis>
        <categories>
          <item>Africa</item>
          <item>America</item>
          <item>Asia</item>
          <item>Europe</item>
          <item>Oceania</item>
        </categories>
      </xAxis>
      <series>
        <item>
          <name>Year 1990</name>
          <data>
            <item>631</item>
            <item>727</item>
            <item>3202</item>
            <item>721</item>
            <item>26</item>
          </data>
        </item>
        <item>
          <name>Year 2000</name>
          <data>
            <item>814</item>
            <item>841</item>
            <item>3714</item>
            <item>726</item>
            <item>31</item>
          </data>
        </item>
        <item>
          <name>Year 2010</name>
          <data>
            <item>1044</item>
            <item>944</item>
            <item>4170</item>
            <item>735</item>
            <item>40</item>
          </data>
        </item>
        <item>
          <name>Year 2018</name>
          <data>
            <item>1276</item>
            <item>1007</item>
            <item>4561</item>
            <item>746</item>
            <item>42</item>
          </data>
        </item>
      </series>
    </column_chart>
    
    <stacked_column>
      <xAxis>
        <categories>
          <item>Arsenal</item>
          <item>Chelsea</item>
          <item>Liverpool</item>
          <item>Manchester United</item>
        </categories>
      </xAxis>
      <series>
        <item>
          <name>BPL</name>
          <data>
            <item>3</item>
            <item>5</item>
            <item>1</item>
            <item>13</item>
          </data>
        </item>
        <item>
          <name>FA Cup</name>
          <data>
            <item>14</item>
            <item>8</item>
            <item>8</item>
            <item>12</item>
          </data>
        </item>
        <item>
          <name>CL</name>
          <data>
            <item>0</item>
            <item>2</item>
            <item>6</item>
            <item>3</item>
          </data>
        </item>
      </series>
    </stacked_column>
    
    <stacked_bar>
      <xAxis>
        <categories>
          <item>2020/21</item>
          <item>2019/20</item>
          <item>2018/19</item>
          <item>2017/18</item>
          <item>2016/17</item>
        </categories>
      </xAxis>
      <series>
        <item>
          <name>Cristiano Ronaldo</name>
          <data>
            <item>4</item>
            <item>4</item>
            <item>6</item>
            <item>15</item>
            <item>12</item>
          </data>
        </item>
        <item>
          <name>Lionel Messi</name>
          <data>
            <item>5</item>
            <item>3</item>
            <item>12</item>
            <item>6</item>
            <item>11</item>
          </data>
        </item>
        <item>
          <name>Robert Lewandowski</name>
          <data>
            <item>5</item>
            <item>15</item>
            <item>8</item>
            <item>5</item>
            <item>8</item>
          </data>
        </item>
      </series>
    </stacked_bar>
    
    <drilldown_bar_chart>
      <series>
        <item>
          <name>Browsers</name>
          <colorByPoint>true</colorByPoint>
          <data>
            <item>
              <name>Chrome</name>
              <y>61.04</y>
              <drilldown>Chrome</drilldown>
            </item>
            <item>
              <name>Safari</name>
              <y>9.47</y>
              <drilldown>Safari</drilldown>
            </item>
            <item>
              <name>Edge</name>
              <y>9.32</y>
              <drilldown>Edge</drilldown>
            </item>
            <item>
              <name>Firefox</name>
              <y>8.15</y>
              <drilldown>Firefox</drilldown>
            </item>
            <item>
              <name>Other</name>
              <y>11.02</y>
              <drilldown></drilldown>
            </item>
          </data>
        </item>
      </series>
      <drilldown>
        <series>
          <item>
            <name>Chrome</name>
            <id>Chrome</id>
            <data>
              <item>
                <item>v97.0</item>
                <item>36.89</item>
              </item>
              <item>
                <item>v96.0</item>
                <item>18.16</item>
              </item>
              <item>
                <item>v95.0</item>
                <item>0.54</item>
              </item>
              <item>
                <item>v94.0</item>
                <item>0.7</item>
              </item>
              <item>
                <item>v93.0</item>
                <item>0.8</item>
              </item>
              <item>
                <item>v92.0</item>
                <item>0.41</item>
              </item>
              <item>
                <item>v91.0</item>
                <item>0.31</item>
              </item>
              <item>
                <item>v90.0</item>
                <item>0.13</item>
              </item>
              <item>
                <item>v89.0</item>
                <item>0.14</item>
              </item>
              <item>
                <item>v88.0</item>
                <item>0.1</item>
              </item>
              <item>
                <item>v87.0</item>
                <item>0.35</item>
              </item>
              <item>
                <item>v86.0</item>
                <item>0.17</item>
              </item>
              <item>
                <item>v85.0</item>
                <item>0.18</item>
              </item>
              <item>
                <item>v84.0</item>
                <item>0.17</item>
              </item>
              <item>
                <item>v83.0</item>
                <item>0.21</item>
              </item>
              <item>
                <item>v81.0</item>
                <item>0.1</item>
              </item>
              <item>
                <item>v80.0</item>
                <item>0.16</item>
              </item>
              <item>
                <item>v79.0</item>
                <item>0.43</item>
              </item>
              <item>
                <item>v78.0</item>
                <item>0.11</item>
              </item>
              <item>
                <item>v76.0</item>
                <item>0.16</item>
              </item>
              <item>
                <item>v75.0</item>
                <item>0.15</item>
              </item>
              <item>
                <item>v72.0</item>
                <item>0.14</item>
              </item>
              <item>
                <item>v70.0</item>
                <item>0.11</item>
              </item>
              <item>
                <item>v69.0</item>
                <item>0.13</item>
              </item>
              <item>
                <item>v56.0</item>
                <item>0.12</item>
              </item>
              <item>
                <item>v49.0</item>
                <item>0.17</item>
              </item>
            </data>
          </item>
          <item>
            <name>Safari</name>
            <id>Safari</id>
            <data>
              <item>
                <item>v15.3</item>
                <item>0.1</item>
              </item>
              <item>
                <item>v15.2</item>
                <item>2.01</item>
              </item>
              <item>
                <item>v15.1</item>
                <item>2.29</item>
              </item>
              <item>
                <item>v15.0</item>
                <item>0.49</item>
              </item>
              <item>
                <item>v14.1</item>
                <item>2.48</item>
              </item>
              <item>
                <item>v14.0</item>
                <item>0.64</item>
              </item>
              <item>
                <item>v13.1</item>
                <item>1.17</item>
              </item>
              <item>
                <item>v13.0</item>
                <item>0.13</item>
              </item>
              <item>
                <item>v12.1</item>
                <item>0.16</item>
              </item>
            </data>
          </item>
          <item>
            <name>Edge</name>
            <id>Edge</id>
            <data>
              <item>
                <item>v97</item>
                <item>6.62</item>
              </item>
              <item>
                <item>v96</item>
                <item>2.55</item>
              </item>
              <item>
                <item>v95</item>
                <item>0.15</item>
              </item>
            </data>
          </item>
          <item>
            <name>Firefox</name>
            <id>Firefox</id>
            <data>
              <item>
                <item>v96.0</item>
                <item>4.17</item>
              </item>
              <item>
                <item>v95.0</item>
                <item>3.33</item>
              </item>
              <item>
                <item>v94.0</item>
                <item>0.11</item>
              </item>
              <item>
                <item>v91.0</item>
                <item>0.23</item>
              </item>
              <item>
                <item>v78.0</item>
                <item>0.16</item>
              </item>
              <item>
                <item>v52.0</item>
                <item>0.15</item>
              </item>
            </data>
          </item>
        </series>
      </drilldown>
    </drilldown_bar_chart>
    
    <drilldown_pie_chart>
      <series>
        <item>
          <name>Browsers</name>
          <colorByPoint>true</colorByPoint>
          <data>
            <item>
              <name>Chrome</name>
              <y>61.04</y>
              <drilldown>Chrome</drilldown>
            </item>
            <item>
              <name>Safari</name>
              <y>9.47</y>
              <drilldown>Safari</drilldown>
            </item>
            <item>
              <name>Edge</name>
              <y>9.32</y>
              <drilldown>Edge</drilldown>
            </item>
            <item>
              <name>Firefox</name>
              <y>8.15</y>
              <drilldown>Firefox</drilldown>
            </item>
            <item>
              <name>Other</name>
              <y>11.02</y>
              <drilldown></drilldown>
            </item>
          </data>
        </item>
      </series>
      <drilldown>
        <series>
          <item>
            <name>Chrome</name>
            <id>Chrome</id>
            <data>
              <item>
                <item>v97.0</item>
                <item>36.89</item>
              </item>
              <item>
                <item>v96.0</item>
                <item>18.16</item>
              </item>
              <item>
                <item>v95.0</item>
                <item>0.54</item>
              </item>
              <item>
                <item>v94.0</item>
                <item>0.7</item>
              </item>
              <item>
                <item>v93.0</item>
                <item>0.8</item>
              </item>
              <item>
                <item>v92.0</item>
                <item>0.41</item>
              </item>
              <item>
                <item>v91.0</item>
                <item>0.31</item>
              </item>
              <item>
                <item>v90.0</item>
                <item>0.13</item>
              </item>
              <item>
                <item>v89.0</item>
                <item>0.14</item>
              </item>
              <item>
                <item>v88.0</item>
                <item>0.1</item>
              </item>
              <item>
                <item>v87.0</item>
                <item>0.35</item>
              </item>
              <item>
                <item>v86.0</item>
                <item>0.17</item>
              </item>
              <item>
                <item>v85.0</item>
                <item>0.18</item>
              </item>
              <item>
                <item>v84.0</item>
                <item>0.17</item>
              </item>
              <item>
                <item>v83.0</item>
                <item>0.21</item>
              </item>
              <item>
                <item>v81.0</item>
                <item>0.1</item>
              </item>
              <item>
                <item>v80.0</item>
                <item>0.16</item>
              </item>
              <item>
                <item>v79.0</item>
                <item>0.43</item>
              </item>
              <item>
                <item>v78.0</item>
                <item>0.11</item>
              </item>
              <item>
                <item>v76.0</item>
                <item>0.16</item>
              </item>
              <item>
                <item>v75.0</item>
                <item>0.15</item>
              </item>
              <item>
                <item>v72.0</item>
                <item>0.14</item>
              </item>
              <item>
                <item>v70.0</item>
                <item>0.11</item>
              </item>
              <item>
                <item>v69.0</item>
                <item>0.13</item>
              </item>
              <item>
                <item>v56.0</item>
                <item>0.12</item>
              </item>
              <item>
                <item>v49.0</item>
                <item>0.17</item>
              </item>
            </data>
          </item>
          <item>
            <name>Safari</name>
            <id>Safari</id>
            <data>
              <item>
                <item>v15.3</item>
                <item>0.1</item>
              </item>
              <item>
                <item>v15.2</item>
                <item>2.01</item>
              </item>
              <item>
                <item>v15.1</item>
                <item>2.29</item>
              </item>
              <item>
                <item>v15.0</item>
                <item>0.49</item>
              </item>
              <item>
                <item>v14.1</item>
                <item>2.48</item>
              </item>
              <item>
                <item>v14.0</item>
                <item>0.64</item>
              </item>
              <item>
                <item>v13.1</item>
                <item>1.17</item>
              </item>
              <item>
                <item>v13.0</item>
                <item>0.13</item>
              </item>
              <item>
                <item>v12.1</item>
                <item>0.16</item>
              </item>
            </data>
          </item>
          <item>
            <name>Edge</name>
            <id>Edge</id>
            <data>
              <item>
                <item>v97</item>
                <item>6.62</item>
              </item>
              <item>
                <item>v96</item>
                <item>2.55</item>
              </item>
              <item>
                <item>v95</item>
                <item>0.15</item>
              </item>
            </data>
          </item>
          <item>
            <name>Firefox</name>
            <id>Firefox</id>
            <data>
              <item>
                <item>v96.0</item>
                <item>4.17</item>
              </item>
              <item>
                <item>v95.0</item>
                <item>3.33</item>
              </item>
              <item>
                <item>v94.0</item>
                <item>0.11</item>
              </item>
              <item>
                <item>v91.0</item>
                <item>0.23</item>
              </item>
              <item>
                <item>v78.0</item>
                <item>0.16</item>
              </item>
              <item>
                <item>v52.0</item>
                <item>0.15</item>
              </item>
            </data>
          </item>
        </series>
      </drilldown>
    </drilldown_pie_chart>
    
    <drilldown_line_chart>
      <series>
        <item>
          <name>Things</name>
          <colorByPoint>true</colorByPoint>
          <data>
            <item>
              <name>Animals</name>
              <y>5</y>
              <drilldown>animals</drilldown>
            </item>
            <item>
              <name>Fruits</name>
              <y>2</y>
              <drilldown>fruits</drilldown>
            </item>
            <item>
              <name>Cars</name>
              <y>4</y>
              <drilldown>cars</drilldown>
            </item>
          </data>
        </item>
        <item>
          <name>vehicles</name>
          <colorByPoint>true</colorByPoint>
          <data>
            <item>
              <name>Vehicle 1</name>
              <y>25</y>
              <drilldown>vehicle1</drilldown>
            </item>
            <item>
              <name>Vehicle 2</name>
              <y>25</y>
              <drilldown>vehicle2</drilldown>
            </item>
            <item>
              <name>Vehicle 3</name>
              <y>45</y>
              <drilldown>vehicle3</drilldown>
            </item>
          </data>
        </item>
      </series>
      <drilldown>
        <series>
          <item>
            <id>animals</id>
            <data>
              <item>
                <item>Cats</item>
                <item>4</item>
              </item>
              <item>
                <item>Dogs</item>
                <item>2</item>
              </item>
              <item>
                <item>Cows</item>
                <item>1</item>
              </item>
              <item>
                <item>Sheep</item>
                <item>2</item>
              </item>
              <item>
                <item>Pigs</item>
                <item>1</item>
              </item>
            </data>
          </item>
          <item>
            <id>fruits</id>
            <data>
              <item>
                <item>Apples</item>
                <item>4</item>
              </item>
              <item>
                <item>Oranges</item>
                <item>2</item>
              </item>
            </data>
          </item>
          <item>
            <id>cars</id>
            <data>
              <item>
                <item>Toyota</item>
                <item>4</item>
              </item>
              <item>
                <item>Opel</item>
                <item>2</item>
              </item>
              <item>
                <item>Volkswagen</item>
                <item>2</item>
              </item>
            </data>
          </item>
          <item>
            <id>vehicle1</id>
            <data>
              <item>
                <item>Toyota</item>
                <item>4</item>
              </item>
              <item>
                <item>Opel</item>
                <item>2</item>
              </item>
              <item>
                <item>Volkswagen</item>
                <item>2</item>
              </item>
            </data>
          </item>
          <item>
            <id>vehicle2</id>
            <data>
              <item>
                <item>Toyota</item>
                <item>12</item>
              </item>
              <item>
                <item>Opel</item>
                <item>12</item>
              </item>
              <item>
                <item>Volkswagen</item>
                <item>2</item>
              </item>
            </data>
          </item>
          <item>
            <id>vehicle3</id>
            <data>
              <item>
                <item>Toyota</item>
                <item>5</item>
              </item>
              <item>
                <item>Opel</item>
                <item>4</item>
              </item>
              <item>
                <item>Volkswagen</item>
                <item>1</item>
              </item>
            </data>
          </item>
        </series>
      </drilldown>
    </drilldown_line_chart>
    
    <crosstabTable1>
      <type>crosstab</type>
      <structure>
        <columnHeaderLevels>2</columnHeaderLevels>
        <rowHeaderLevels>2</rowHeaderLevels>
      </structure>
      <columnHeaders>
        <item>
          <item>
            <value></value>
            <colspan>2</colspan>
            <rowspan>2</rowspan>
          </item>
          <item>
            <value>merged column header 1</value>
            <colspan>2</colspan>
            <rowspan>1</rowspan>
          </item>
          <item>
            <value>merged column header 2</value>
            <colspan>3</colspan>
            <rowspan>1</rowspan>
          </item>
          <item>
            <value>merged column header 3</value>
            <colspan>1</colspan>
            <rowspan>2</rowspan>
          </item>
        </item>
        <item>
          <item>
            <value>column header 1</value>
            <colspan>1</colspan>
          </item>
          <item>
            <value>column header 2</value>
            <colspan>1</colspan>
          </item>
          <item>
            <value>column header 3</value>
            <colspan>1</colspan>
          </item>
          <item>
            <value>column header 4</value>
            <colspan>1</colspan>
          </item>
          <item>
            <value>column header 5</value>
            <colspan>1</colspan>
          </item>
        </item>
      </columnHeaders>
      <rows>
        <item>
          <rowHeaders>
            <item>
              <value>merged row header 1</value>
              <rowspan>2</rowspan>
              <level>0</level>
            </item>
            <item>
              <value>row header 1</value>
              <rowspan>1</rowspan>
              <level>1</level>
            </item>
          </rowHeaders>
          <cells>
            <item>sample row 1 column 1</item>
            <item>sample row 1 column 2</item>
            <item>sample row 1 column 3</item>
            <item>sample row 1 column 4</item>
            <item>sample row 1 column 5</item>
            <item>sample row 1 column 6</item>
          </cells>
        </item>
        <item>
          <rowHeaders>
            <item>
              <value>row header 2</value>
              <rowspan>1</rowspan>
              <level>1</level>
            </item>
          </rowHeaders>
          <cells>
            <item>sample row 2 column 1</item>
            <item>sample row 2 column 2</item>
            <item>sample row 2 column 3</item>
            <item>sample row 2 column 4</item>
            <item>sample row 2 column 5</item>
            <item>sample row 2 column 6</item>
          </cells>
        </item>
        <item>
          <rowHeaders>
            <item>
              <value>merged row header 1</value>
              <rowspan>1</rowspan>
              <level>0</level>
            </item>
            <item>
              <value>row header 3</value>
              <rowspan>1</rowspan>
              <level>1</level>
            </item>
          </rowHeaders>
          <cells>
            <item>sample row 3 column 1</item>
            <item>sample row 3 column 2</item>
            <item>sample row 3 column 3</item>
            <item>sample row 3 column 4</item>
            <item>sample row 3 column 5</item>
            <item>sample row 3 column 6</item>
          </cells>
        </item>
        <item>
          <rowHeaders>
            <item>
              <value>merged row header 2</value>
              <rowspan>2</rowspan>
              <level>0</level>
            </item>
            <item>
              <value>row header 4</value>
              <rowspan>1</rowspan>
              <level>1</level>
            </item>
          </rowHeaders>
          <cells>
            <item>sample row 4 column 1</item>
            <item>sample row 4 column 2</item>
            <item>sample row 4 column 3</item>
            <item>sample row 4 column 4</item>
            <item>sample row 4 column 5</item>
            <item>sample row 4 column 6</item>
          </cells>
        </item>
        <item>
          <rowHeaders>
            <item>
              <value>row header 5</value>
              <rowspan>1</rowspan>
              <level>1</level>
            </item>
          </rowHeaders>
          <cells>
            <item>sample row 5 column 1</item>
            <item>sample row 5 column 2</item>
            <item>sample row 5 column 3</item>
            <item>sample row 5 column 4</item>
            <item>sample row 5 column 5</item>
            <item>sample row 5 column 6</item>
          </cells>
        </item>
        <item>
          <rowHeaders>
            <item>
              <value>merged row header 3</value>
              <rowspan>1</rowspan>
              <level>0</level>
            </item>
            <item>
              <value>row header 6</value>
              <rowspan>1</rowspan>
              <level>1</level>
            </item>
          </rowHeaders>
          <cells>
            <item>sample row 6 column 1</item>
            <item>sample row 6 column 2</item>
            <item>sample row 6 column 3</item>
            <item>sample row 6 column 4</item>
            <item>sample row 6 column 5</item>
            <item>sample row 6 column 6</item>
          </cells>
        </item>
      </rows>
    </crosstabTable1>

    <crosstabTable2>
      <type>crosstab</type>
      <structure>
        <columnHeaderLevels>3</columnHeaderLevels>
        <rowHeaderLevels>3</rowHeaderLevels>
      </structure>
      <columnHeaders>
        <item>
          <item>
            <value></value>
            <colspan>3</colspan>
            <rowspan>3</rowspan>
          </item>
          <item>
            <value>2023</value>
            <colspan>4</colspan>
            <rowspan>1</rowspan>
          </item>
          <item>
            <value>2024</value>
            <colspan>2</colspan>
            <rowspan>1</rowspan>
          </item>
        </item>
        <item>
          <item>
            <value>Q1</value>
            <colspan>2</colspan>
            <rowspan>1</rowspan>
          </item>
          <item>
            <value>Q2</value>
            <colspan>2</colspan>
            <rowspan>1</rowspan>
          </item>
          <item>
            <value>Q1</value>
            <colspan>2</colspan>
            <rowspan>1</rowspan>
          </item>
        </item>
        <item>
          <item>
            <value>Target</value>
            <colspan>1</colspan>
          </item>
          <item>
            <value>Actual</value>
            <colspan>1</colspan>
          </item>
          <item>
            <value>Target</value>
            <colspan>1</colspan>
          </item>
          <item>
            <value>Actual</value>
            <colspan>1</colspan>
          </item>
          <item>
            <value>Target</value>
            <colspan>1</colspan>
          </item>
          <item>
            <value>Actual</value>
            <colspan>1</colspan>
          </item>
        </item>
      </columnHeaders>
      <rows>
        <item>
          <rowHeaders>
            <item>
              <value>North America</value>
              <rowspan>6</rowspan>
              <level>0</level>
            </item>
            <item>
              <value>Electronics</value>
              <rowspan>3</rowspan>
              <level>1</level>
            </item>
            <item>
              <value>Laptops</value>
              <rowspan>1</rowspan>
              <level>2</level>
            </item>
          </rowHeaders>
          <cells>
            <item>1000</item>
            <item>1050</item>
            <item>1100</item>
            <item>1080</item>
            <item>1200</item>
            <item>1250</item>
          </cells>
        </item>
        <item>
          <rowHeaders>
            <item>
              <value>Phones</value>
              <rowspan>1</rowspan>
              <level>2</level>
            </item>
          </rowHeaders>
          <cells>
            <item>800</item>
            <item>820</item>
            <item>850</item>
            <item>870</item>
            <item>900</item>
            <item>920</item>
          </cells>
        </item>
        <item>
          <rowHeaders>
            <item>
              <value>Tablets</value>
              <rowspan>1</rowspan>
              <level>2</level>
            </item>
          </rowHeaders>
          <cells>
            <item>500</item>
            <item>480</item>
            <item>520</item>
            <item>540</item>
            <item>550</item>
            <item>560</item>
          </cells>
        </item>
        <item>
          <rowHeaders>
            <item>
              <value>Furniture</value>
              <rowspan>3</rowspan>
              <level>1</level>
            </item>
            <item>
              <value>Desks</value>
              <rowspan>1</rowspan>
              <level>2</level>
            </item>
          </rowHeaders>
          <cells>
            <item>300</item>
            <item>310</item>
            <item>320</item>
            <item>315</item>
            <item>330</item>
            <item>340</item>
          </cells>
        </item>
        <item>
          <rowHeaders>
            <item>
              <value>Chairs</value>
              <rowspan>1</rowspan>
              <level>2</level>
            </item>
          </rowHeaders>
          <cells>
            <item>400</item>
            <item>420</item>
            <item>440</item>
            <item>450</item>
            <item>460</item>
            <item>470</item>
          </cells>
        </item>
        <item>
          <rowHeaders>
            <item>
              <value>Cabinets</value>
              <rowspan>1</rowspan>
              <level>2</level>
            </item>
          </rowHeaders>
          <cells>
            <item>200</item>
            <item>195</item>
            <item>210</item>
            <item>215</item>
            <item>220</item>
            <item>225</item>
          </cells>
        </item>
        <item>
          <rowHeaders>
            <item>
              <value>Europe</value>
              <rowspan>4</rowspan>
              <level>0</level>
            </item>
            <item>
              <value>Electronics</value>
              <rowspan>2</rowspan>
              <level>1</level>
            </item>
            <item>
              <value>Laptops</value>
              <rowspan>1</rowspan>
              <level>2</level>
            </item>
          </rowHeaders>
          <cells>
            <item>900</item>
            <item>920</item>
            <item>950</item>
            <item>970</item>
            <item>1000</item>
            <item>1020</item>
          </cells>
        </item>
        <item>
          <rowHeaders>
            <item>
              <value>Phones</value>
              <rowspan>1</rowspan>
              <level>2</level>
            </item>
          </rowHeaders>
          <cells>
            <item>700</item>
            <item>710</item>
            <item>730</item>
            <item>750</item>
            <item>780</item>
            <item>800</item>
          </cells>
        </item>
        <item>
          <rowHeaders>
            <item>
              <value>Furniture</value>
              <rowspan>2</rowspan>
              <level>1</level>
            </item>
            <item>
              <value>Desks</value>
              <rowspan>1</rowspan>
              <level>2</level>
            </item>
          </rowHeaders>
          <cells>
            <item>250</item>
            <item>260</item>
            <item>270</item>
            <item>275</item>
            <item>290</item>
            <item>295</item>
          </cells>
        </item>
        <item>
          <rowHeaders>
            <item>
              <value>Chairs</value>
              <rowspan>1</rowspan>
              <level>2</level>
            </item>
          </rowHeaders>
          <cells>
            <item>350</item>
            <item>360</item>
            <item>370</item>
            <item>380</item>
            <item>390</item>
            <item>400</item>
          </cells>
        </item>
      </rows>
    </crosstabTable2>

    <crosstabTable3>
      <type>crosstab</type>
      <structure>
        <columnHeaderLevels>2</columnHeaderLevels>
        <rowHeaderLevels>2</rowHeaderLevels>
      </structure>
      <columnHeaders>
        <item>
          <item>
            <value></value>
            <colspan>2</colspan>
            <rowspan>2</rowspan>
          </item>
          <item>
            <value>Semester 1</value>
            <colspan>3</colspan>
            <rowspan>1</rowspan>
          </item>
          <item>
            <value>Semester 2</value>
            <colspan>3</colspan>
            <rowspan>1</rowspan>
          </item>
        </item>
        <item>
          <item>
            <value>Math</value>
            <colspan>1</colspan>
          </item>
          <item>
            <value>Science</value>
            <colspan>1</colspan>
          </item>
          <item>
            <value>English</value>
            <colspan>1</colspan>
          </item>
          <item>
            <value>Math</value>
            <colspan>1</colspan>
          </item>
          <item>
            <value>Science</value>
            <colspan>1</colspan>
          </item>
          <item>
            <value>English</value>
            <colspan>1</colspan>
          </item>
        </item>
      </columnHeaders>
      <rows>
        <item>
          <rowHeaders>
            <item>
              <value>Grade 10</value>
              <rowspan>3</rowspan>
              <level>0</level>
            </item>
            <item>
              <value>Class A</value>
              <rowspan>1</rowspan>
              <level>1</level>
            </item>
          </rowHeaders>
          <cells>
            <item>85</item>
            <item>88</item>
            <item>82</item>
            <item>87</item>
            <item>90</item>
            <item>84</item>
          </cells>
        </item>
        <item>
          <rowHeaders>
            <item>
              <value>Class B</value>
              <rowspan>1</rowspan>
              <level>1</level>
            </item>
          </rowHeaders>
          <cells>
            <item>82</item>
            <item>85</item>
            <item>80</item>
            <item>84</item>
            <item>87</item>
            <item>82</item>
          </cells>
        </item>
        <item>
          <rowHeaders>
            <item>
              <value>Class C</value>
              <rowspan>1</rowspan>
              <level>1</level>
            </item>
          </rowHeaders>
          <cells>
            <item>78</item>
            <item>80</item>
            <item>76</item>
            <item>80</item>
            <item>82</item>
            <item>78</item>
          </cells>
        </item>
        <item>
          <rowHeaders>
            <item>
              <value>Grade 11</value>
              <rowspan>2</rowspan>
              <level>0</level>
            </item>
            <item>
              <value>Class A</value>
              <rowspan>1</rowspan>
              <level>1</level>
            </item>
          </rowHeaders>
          <cells>
            <item>88</item>
            <item>90</item>
            <item>86</item>
            <item>90</item>
            <item>92</item>
            <item>88</item>
          </cells>
        </item>
        <item>
          <rowHeaders>
            <item>
              <value>Class B</value>
              <rowspan>1</rowspan>
              <level>1</level>
            </item>
          </rowHeaders>
          <cells>
            <item>84</item>
            <item>86</item>
            <item>82</item>
            <item>86</item>
            <item>88</item>
            <item>84</item>
          </cells>
        </item>
      </rows>
    </crosstabTable3>

    <crosstabTable4>
      <type>crosstab</type>
      <structure>
        <columnHeaderLevels>2</columnHeaderLevels>
        <rowHeaderLevels>3</rowHeaderLevels>
      </structure>
      <columnHeaders>
        <item>
          <item>
            <value>Week 1</value>
            <colspan>3</colspan>
            <rowspan>1</rowspan>
          </item>
          <item>
            <value>Week 2</value>
            <colspan>3</colspan>
            <rowspan>1</rowspan>
          </item>
        </item>
        <item>
          <item>
            <value>Morning</value>
            <colspan>1</colspan>
          </item>
          <item>
            <value>Evening</value>
            <colspan>1</colspan>
          </item>
          <item>
            <value>Night</value>
            <colspan>1</colspan>
          </item>
          <item>
            <value>Morning</value>
            <colspan>1</colspan>
          </item>
          <item>
            <value>Evening</value>
            <colspan>1</colspan>
          </item>
          <item>
            <value>Night</value>
            <colspan>1</colspan>
          </item>
        </item>
      </columnHeaders>
      <rows>
        <item>
          <rowHeaders>
            <item>
              <value>Plant A</value>
              <rowspan>4</rowspan>
              <level>0</level>
            </item>
            <item>
              <value>Production Line 1</value>
              <rowspan>2</rowspan>
              <level>1</level>
            </item>
            <item>
              <value>Product X</value>
              <rowspan>1</rowspan>
              <level>2</level>
            </item>
          </rowHeaders>
          <cells>
            <item>450</item>
            <item>440</item>
            <item>430</item>
            <item>460</item>
            <item>455</item>
            <item>445</item>
          </cells>
        </item>
        <item>
          <rowHeaders>
            <item>
              <value>Product Y</value>
              <rowspan>1</rowspan>
              <level>2</level>
            </item>
          </rowHeaders>
          <cells>
            <item>320</item>
            <item>310</item>
            <item>300</item>
            <item>330</item>
            <item>325</item>
            <item>315</item>
          </cells>
        </item>
        <item>
          <rowHeaders>
            <item>
              <value>Production Line 2</value>
              <rowspan>2</rowspan>
              <level>1</level>
            </item>
            <item>
              <value>Product X</value>
              <rowspan>1</rowspan>
              <level>2</level>
            </item>
          </rowHeaders>
          <cells>
            <item>480</item>
            <item>470</item>
            <item>460</item>
            <item>490</item>
            <item>485</item>
            <item>475</item>
          </cells>
        </item>
        <item>
          <rowHeaders>
            <item>
              <value>Product Z</value>
              <rowspan>1</rowspan>
              <level>2</level>
            </item>
          </rowHeaders>
          <cells>
            <item>280</item>
            <item>275</item>
            <item>270</item>
            <item>290</item>
            <item>285</item>
            <item>280</item>
          </cells>
        </item>
        <item>
          <rowHeaders>
            <item>
              <value>Plant B</value>
              <rowspan>2</rowspan>
              <level>0</level>
            </item>
            <item>
              <value>Production Line 1</value>
              <rowspan>2</rowspan>
              <level>1</level>
            </item>
            <item>
              <value>Product X</value>
              <rowspan>1</rowspan>
              <level>2</level>
            </item>
          </rowHeaders>
          <cells>
            <item>420</item>
            <item>415</item>
            <item>410</item>
            <item>430</item>
            <item>425</item>
            <item>420</item>
          </cells>
        </item>
        <item>
          <rowHeaders>
            <item>
              <value>Product Y</value>
              <rowspan>1</rowspan>
              <level>2</level>
            </item>
          </rowHeaders>
          <cells>
            <item>300</item>
            <item>295</item>
            <item>290</item>
            <item>310</item>
            <item>305</item>
            <item>300</item>
          </cells>
        </item>
      </rows>
    </crosstabTable4>

    <crosstabTable5>
      <type>crosstab</type>
      <structure>
        <columnHeaderLevels>2</columnHeaderLevels>
        <rowHeaderLevels>2</rowHeaderLevels>
      </structure>
      <columnHeaders>
        <item>
          <item>
            <value></value>
            <colspan>2</colspan>
            <rowspan>2</rowspan>
          </item>
          <item>
            <value>FY 2023</value>
            <colspan>4</colspan>
            <rowspan>1</rowspan>
          </item>
          <item>
            <value>Total</value>
            <colspan>1</colspan>
            <rowspan>2</rowspan>
          </item>
        </item>
        <item>
          <item>
            <value>Q1</value>
            <colspan>1</colspan>
          </item>
          <item>
            <value>Q2</value>
            <colspan>1</colspan>
          </item>
          <item>
            <value>Q3</value>
            <colspan>1</colspan>
          </item>
          <item>
            <value>Q4</value>
            <colspan>1</colspan>
          </item>
        </item>
      </columnHeaders>
      <rows>
        <item>
          <rowHeaders>
            <item>
              <value>Revenue</value>
              <rowspan>3</rowspan>
              <level>0</level>
            </item>
            <item>
              <value>Product Sales</value>
              <rowspan>1</rowspan>
              <level>1</level>
            </item>
          </rowHeaders>
          <cells>
            <item>150000</item>
            <item>165000</item>
            <item>180000</item>
            <item>195000</item>
            <item>690000</item>
          </cells>
        </item>
        <item>
          <rowHeaders>
            <item>
              <value>Service Sales</value>
              <rowspan>1</rowspan>
              <level>1</level>
            </item>
          </rowHeaders>
          <cells>
            <item>45000</item>
            <item>50000</item>
            <item>55000</item>
            <item>60000</item>
            <item>210000</item>
          </cells>
        </item>
        <item>
          <rowHeaders>
            <item>
              <value>Other Income</value>
              <rowspan>1</rowspan>
              <level>1</level>
            </item>
          </rowHeaders>
          <cells>
            <item>5000</item>
            <item>5500</item>
            <item>6000</item>
            <item>6500</item>
            <item>23000</item>
          </cells>
        </item>
        <item>
          <rowHeaders>
            <item>
              <value>Expenses</value>
              <rowspan>2</rowspan>
              <level>0</level>
            </item>
            <item>
              <value>Operating Costs</value>
              <rowspan>1</rowspan>
              <level>1</level>
            </item>
          </rowHeaders>
          <cells>
            <item>80000</item>
            <item>85000</item>
            <item>90000</item>
            <item>95000</item>
            <item>350000</item>
          </cells>
        </item>
        <item>
          <rowHeaders>
            <item>
              <value>Marketing</value>
              <rowspan>1</rowspan>
              <level>1</level>
            </item>
          </rowHeaders>
          <cells>
            <item>20000</item>
            <item>22000</item>
            <item>24000</item>
            <item>26000</item>
            <item>92000</item>
          </cells>
        </item>
        <item>
          <rowHeaders>
            <item>
              <value>Net Profit</value>
              <rowspan>1</rowspan>
              <level>0</level>
            </item>
          </rowHeaders>
          <cells>
            <item>100000</item>
            <item>113500</item>
            <item>127000</item>
            <item>140500</item>
            <item>481000</item>
          </cells>
        </item>
      </rows>
    </crosstabTable5>
    
    <testtable1>
      <heading>
        <AccountType>Account Type</AccountType>
        <Currency>Currency</Currency>
        <Amount>Amount</Amount>
      </heading>
      <data>
        <item><AccountType>Savings</AccountType><Currency>GBP</Currency><Amount>1725.45</Amount></item>
        <item><AccountType>Savings</AccountType><Currency>GBP</Currency><Amount>2430.10</Amount></item>
        <item><AccountType>Savings</AccountType><Currency>USD</Currency><Amount>1950.75</Amount></item>
        <item><AccountType>Savings</AccountType><Currency>EUR</Currency><Amount>2100.30</Amount></item>
        <item><AccountType>Current</AccountType><Currency>GBP</Currency><Amount>8200.00</Amount></item>
        <item><AccountType>Current</AccountType><Currency>USD</Currency><Amount>5250.55</Amount></item>
        <item><AccountType>Current</AccountType><Currency>EUR</Currency><Amount>6100.10</Amount></item>
        <item><AccountType>Current</AccountType><Currency>GBP</Currency><Amount>4750.25</Amount></item>
        <item><AccountType>Recurring Deposit</AccountType><Currency>GBP</Currency><Amount>22100.50</Amount></item>
        <item><AccountType>Recurring Deposit</AccountType><Currency>GBP</Currency><Amount>30350.20</Amount></item>
        <item><AccountType>Recurring Deposit</AccountType><Currency>USD</Currency><Amount>18750.75</Amount></item>
        <item><AccountType>Term Deposit</AccountType><Currency>GBP</Currency><Amount>101500.00</Amount></item>
        <item><AccountType>Term Deposit</AccountType><Currency>USD</Currency><Amount>50500.25</Amount></item>
        <item><AccountType>Term Deposit</AccountType><Currency>EUR</Currency><Amount>66200.10</Amount></item>
        <item><AccountType>Term Deposit</AccountType><Currency>GBP</Currency><Amount>89000.00</Amount></item>
        <item><AccountType>Wealth</AccountType><Currency>GBP</Currency><Amount>9700.00</Amount></item>
        <item><AccountType>Wealth</AccountType><Currency>USD</Currency><Amount>11350.45</Amount></item>
        <item><AccountType>Wealth</AccountType><Currency>EUR</Currency><Amount>9400.25</Amount></item>
        <item><AccountType>Credit Card</AccountType><Currency>GBP</Currency><Amount>125.80</Amount></item>
        <item><AccountType>Credit Card</AccountType><Currency>USD</Currency><Amount>98.00</Amount></item>
        <item><AccountType>Credit Card</AccountType><Currency>EUR</Currency><Amount>155.40</Amount></item>
        <item><AccountType>Credit Card</AccountType><Currency>GBP</Currency><Amount>210.60</Amount></item>
        <item><AccountType>Loan</AccountType><Currency>GBP</Currency><Amount>45200.00</Amount></item>
        <item><AccountType>Loan</AccountType><Currency>USD</Currency><Amount>37850.90</Amount></item>
        <item><AccountType>Loan</AccountType><Currency>EUR</Currency><Amount>40100.00</Amount></item>
        <item><AccountType>Mortgage</AccountType><Currency>GBP</Currency><Amount>225000.00</Amount></item>
        <item><AccountType>Mortgage</AccountType><Currency>USD</Currency><Amount>180000.50</Amount></item>
        <item><AccountType>Mortgage</AccountType><Currency>EUR</Currency><Amount>199500.00</Amount></item>
        <item><AccountType>Investment</AccountType><Currency>GBP</Currency><Amount>15500.00</Amount></item>
        <item><AccountType>Investment</AccountType><Currency>USD</Currency><Amount>14450.75</Amount></item>
        <item><AccountType>Investment</AccountType><Currency>EUR</Currency><Amount>16780.30</Amount></item>
      </data>
    </testtable1>
    
    <transactions1Tbl>
      <heading>
        <Date>Date</Date>
        <Type>Type</Type>
        <Narration>Narration</Narration>
        <FCY_GBP>FCY(GBP)</FCY_GBP>
        <CurrentRate>Currentt Rate</CurrentRate>
        <LCY_GBP>LCY(GBP)</LCY_GBP>
      </heading>
      <data>
        <item>
          <Date>3-APR-15</Date>
          <Type>CR</Type>
          <Narration>NET TXN: IIFL IIFL3557346</Narration>
          <FCY_GBP>1666.67</FCY_GBP>
          <CurrentRate>1.062</CurrentRate>
          <LCY_GBP>1771.42</LCY_GBP>
        </item>
        <item>
          <Date>1-APR-15</Date>
          <Type>CR</Type>
          <Narration>NEFT: 10204083732 -THE GREATER Bank of New York</Narration>
          <FCY_GBP>0.38</FCY_GBP>
          <CurrentRate>1.473</CurrentRate>
          <LCY_GBP>0.56</LCY_GBP>
        </item>
        <item>
          <Date>1-APR-15</Date>
          <Type>DR</Type>
          <Narration>NET TXN: FUNDS TRF FROM 000490700001137</Narration>
          <FCY_GBP>-5017.56</FCY_GBP>
          <CurrentRate>1.560</CurrentRate>
          <LCY_GBP>-7830.89</LCY_GBP>
        </item>
        <item>
          <Date>31-MAR-15</Date>
          <Type>CR</Type>
          <Narration>NET TXN: IIFL IIFL3557346</Narration>
          <FCY_GBP>7.37</FCY_GBP>
          <CurrentRate>1.062</CurrentRate>
          <LCY_GBP>7.83</LCY_GBP>
        </item>
        <item>
          <Date>31-MAR-15</Date>
          <Type>DR</Type>
          <Narration>NET TXN: IIFL IIFL3557346</Narration>
          <FCY_GBP>-1151.91</FCY_GBP>
          <CurrentRate>1.062</CurrentRate>
          <LCY_GBP>-1224.31</LCY_GBP>
        </item>
        <item>
          <Date>31-MAR-15</Date>
          <Type>DR</Type>
          <Narration>LD1508340249</Narration>
          <FCY_GBP>7.37</FCY_GBP>
          <CurrentRate>1.062</CurrentRate>
          <LCY_GBP>-1224.31</LCY_GBP>
        </item>
        <item>
          <Date>24-MAR-15</Date>
          <Type>DR</Type>
          <Narration>PCI:0500010827:1000156311283:ODEL PLC-459050</Narration>
          <FCY_GBP>-30.64</FCY_GBP>
          <CurrentRate>1.473</CurrentRate>
          <LCY_GBP>-45.15</LCY_GBP>
        </item>
        <item>
          <Date>24-MAR-15</Date>
          <Type>CR</Type>
          <Narration>PCD:0500010827:9993715077628:COTTON COLL-085222</Narration>
          <FCY_GBP>1696.21</FCY_GBP>
          <CurrentRate>1.473</CurrentRate>
          <LCY_GBP>2500.03</LCY_GBP>
        </item>
        <item>
          <Date>24-MAR-15</Date>
          <Type>DR</Type>
          <Narration>NET TXN: RENT FOR FEB 2013</Narration>
          <FCY_GBP>-296.46</FCY_GBP>
          <CurrentRate>1.473</CurrentRate>
          <LCY_GBP>-436.87</LCY_GBP>
        </item>
      </data>
    </transactions1Tbl>
    
    <dematTable1>
      <heading>
        <Account_No>Account No</Account_No>
        <Installment_Amount_GBP>Installment Amount(GBP)</Installment_Amount_GBP>
        <Deposit_Start_Date>Deposit Start Date</Deposit_Start_Date>
        <Tenure_Month>Tenure(Month)</Tenure_Month>
        <Intrest_Rate>Intrest Rate</Intrest_Rate>
        <Maturity_Amount_GBP>Maturity Amount(GBP)</Maturity_Amount_GBP>
        <Installment_Paid>Installment Paid</Installment_Paid>
        <Current_Balance_GBP>Current Balance(GBP)</Current_Balance_GBP>
      </heading>
      <data>
        <item>
          <Account_No>0118196000210</Account_No>
          <Installment_Amount_GBP>2500.00</Installment_Amount_GBP>
          <Deposit_Start_Date>12-JUN-15</Deposit_Start_Date>
          <Tenure_Month>36</Tenure_Month>
          <Intrest_Rate>3.05%</Intrest_Rate>
          <Maturity_Amount_GBP>93888.62</Maturity_Amount_GBP>
          <Installment_Paid>9</Installment_Paid>
          <Current_Balance_GBP>22730.11</Current_Balance_GBP>
        </item>
      </data>
    </dematTable1>
    
    <dematTable2>
      <heading>
        <Installment_Number>किश्त संख्या</Installment_Number>
        <Installment_Due_Date>किस्त देय तिथि</Installment_Due_Date>
        <Amount_Paid_GBP>भुगतान की गई राशि (जीबीपी)</Amount_Paid_GBP>
        <Running_Balance_GBP>रनिंग बैलेंस (जीबीपी)</Running_Balance_GBP>
      </heading>
      <data>
        <item>
          <Installment_Number>9</Installment_Number>
          <Installment_Due_Date>12-MAR-16</Installment_Due_Date>
          <Amount_Paid_GBP>2500.00</Amount_Paid_GBP>
          <Running_Balance_GBP>22730.11</Running_Balance_GBP>
        </item>
        <item>
          <Installment_Number>8</Installment_Number>
          <Installment_Due_Date>12-FEB-16</Installment_Due_Date>
          <Amount_Paid_GBP>2500.00</Amount_Paid_GBP>
          <Running_Balance_GBP>20178.82</Running_Balance_GBP>
        </item>
        <item>
          <Installment_Number>7</Installment_Number>
          <Installment_Due_Date>12-JAN-16</Installment_Due_Date>
          <Amount_Paid_GBP>2500.00</Amount_Paid_GBP>
          <Running_Balance_GBP>17634.00</Running_Balance_GBP>
        </item>
        <item>
          <Installment_Number>6</Installment_Number>
          <Installment_Due_Date>12-DEC-15</Installment_Due_Date>
          <Amount_Paid_GBP>2500.00</Amount_Paid_GBP>
          <Running_Balance_GBP>15095.64</Running_Balance_GBP>
        </item>
        <item>
          <Installment_Number>5</Installment_Number>
          <Installment_Due_Date>12-NOV-15</Installment_Due_Date>
          <Amount_Paid_GBP>2500.00</Amount_Paid_GBP>
          <Running_Balance_GBP>12563.70</Running_Balance_GBP>
        </item>
      </data>
    </dematTable2>
  </english>

