<?xml version="1.0" encoding="UTF-8"?>
<english xmlns:xsi="http://www.w3.org/2001/XMLSchema-instance">
  <audioLink>https://www.w3schools.com/html/horse.mp3</audioLink>
  <content>What is Lorem Ipsum? Lorem Ipsum is simply dummy text of the printing and typesetting industry. Lorem Ipsum has been the industry's standard dummy text ever since the 1500s, when an unknown printer took a galley of type and scrambled it to make a type specimen book. It has survived not only five centuries, but also the leap into electronic typesetting, remaining essentially unchanged. It was popularised in the 1960s with the release of </content>
  <content1>64582</content1>
  <videoLink></videoLink>

  <SA>
    <item>
      <name>Durgesh</name>
      <surname>Sharma</surname>
      <address>Mira road</address>
    </item>
    <item>
      <name>Sumit</name>
      <surname>Mishra</surname>
      <address>Mumbai</address>
    </item>
  </SA>

  <analytics_pie>
    <series>
      <item>
        <data>
          <item><name>Saving</name><y>1.2</y></item>
          <item><name>Current</name><y>5.4</y></item>
          <item><name>Recurring Deposit</name><y>15.6</y></item>
          <item><name>Term Deposit</name><y>70.8</y></item>
          <item><name>Weath</name><y>6.9</y></item>
          <item><name>Credit Card</name><y>0.9</y></item>
        </data>
      </item>
    </series>
  </analytics_pie>

  <pie_chart>
    <series>
      <item>
        <data>
          <item><name>Saving</name><y>1.2</y></item>
          <item><name>Current</name><y>5.4</y></item>
          <item><name>Recurring Deposit</name><y>15.6</y></item>
          <item><name>Term Deposit</name><y>70.8</y></item>
          <item><name>Weath</name><y>6.9</y></item>
          <item><name>Credit Card</name><y>0.9</y></item>
          <item><name>Credit Card 2</name><y>0.9</y></item>
          <item><name>Credit Card 3</name><y>0.9</y></item>
          <item><name>Credit Card 4</name><y>0.9</y></item>
        </data>
      </item>
    </series>
  </pie_chart>

  <bar_chart>
    <xAxis>
      <categories>
        <item>Africa</item>
        <item>America</item>
        <item>Asia</item>
        <item>Europe</item>
        <item>Oceania</item>
      </categories>
    </xAxis>
    <series>
      <item><name>Year 1990</name><data><item>631</item><item>727</item><item>3202</item><item>721</item><item>26</item></data></item>
      <item><name>Year 2000</name><data><item>814</item><item>841</item><item>3714</item><item>726</item><item>31</item></data></item>
      <item><name>Year 2010</name><data><item>1044</item><item>944</item><item>4170</item><item>735</item><item>40</item></data></item>
      <item><name>Year 2018</name><data><item>1276</item><item>1007</item><item>4561</item><item>746</item><item>42</item></data></item>
    </series>
  </bar_chart>

  <line_chart>
    <series>
      <item>
        <name>Installation &amp; Developers</name>
        <data><item>43934</item><item>48656</item><item>65165</item><item>81827</item><item>112143</item><item>142383</item><item>171533</item><item>165174</item><item>155157</item><item>161454</item><item>154610</item></data>
      </item>
      <item>
        <name>Manufacturing</name>
        <data><item>24916</item><item>37941</item><item>29742</item><item>29851</item><item>32490</item><item>30282</item><item>38121</item><item>36885</item><item>33726</item><item>34243</item><item>31050</item></data>
      </item>
      <item>
        <name>Sales &amp; Distribution</name>
        <data><item>11744</item><item>30000</item><item>16005</item><item>19771</item><item>20185</item><item>24377</item><item>32147</item><item>30912</item><item>29243</item><item>29213</item><item>25663</item></data>
      </item>
      <item>
        <name>Operations &amp; Maintenance</name>
        <data>
          <item xsi:nil="true"/>
          <item xsi:nil="true"/>
          <item xsi:nil="true"/>
          <item xsi:nil="true"/>
          <item xsi:nil="true"/>
          <item xsi:nil="true"/>
          <item xsi:nil="true"/>
          <item xsi:nil="true"/>
          <item>11164</item>
          <item>11218</item>
          <item>10077</item>
        </data>
      </item>
      <item>
        <name>Other</name>
        <data><item>21908</item><item>5548</item><item>8105</item><item>11248</item><item>8989</item><item>11816</item><item>18274</item><item>17300</item><item>13053</item><item>11906</item><item>10073</item></data>
      </item>
    </series>
  </line_chart>

  <column_chart>
    <xAxis>
      <categories>
        <item>Africa</item><item>America</item><item>Asia</item><item>Europe</item><item>Oceania</item>
      </categories>
    </xAxis>
    <series>
      <item><name>Year 1990</name><data><item>631</item><item>727</item><item>3202</item><item>721</item><item>26</item></data></item>
      <item><name>Year 2000</name><data><item>814</item><item>841</item><item>3714</item><item>726</item><item>31</item></data></item>
      <item><name>Year 2010</name><data><item>1044</item><item>944</item><item>4170</item><item>735</item><item>40</item></data></item>
      <item><name>Year 2018</name><data><item>1276</item><item>1007</item><item>4561</item><item>746</item><item>42</item></data></item>
    </series>
  </column_chart>

  <stacked_column>
    <xAxis>
      <categories>
        <item>Arsenal</item><item>Chelsea</item><item>Liverpool</item><item>Manchester United</item>
      </categories>
    </xAxis>
    <series>
      <item><name>BPL</name><data><item>3</item><item>5</item><item>1</item><item>13</item></data></item>
      <item><name>FA Cup</name><data><item>14</item><item>8</item><item>8</item><item>12</item></data></item>
      <item><name>CL</name><data><item>0</item><item>2</item><item>6</item><item>3</item></data></item>
    </series>
  </stacked_column>

  <stacked_bar>
    <xAxis>
      <categories>
        <item>2020/21</item><item>2019/20</item><item>2018/19</item><item>2017/18</item><item>2016/17</item>
      </categories>
    </xAxis>
    <series>
      <item><name>Cristiano Ronaldo</name><data><item>4</item><item>4</item><item>6</item><item>15</item><item>12</item></data></item>
      <item><name>Lionel Messi</name><data><item>5</item><item>3</item><item>12</item><item>6</item><item>11</item></data></item>
      <item><name>Robert Lewandowski</name><data><item>5</item><item>15</item><item>8</item><item>5</item><item>8</item></data></item>
    </series>
  </stacked_bar>

  <drilldown_bar_chart>
    <series>
      <item>
        <name>Browsers</name>
        <colorByPoint>true</colorByPoint>
        <data>
          <item><name>Chrome</name><y>61.04</y><drilldown>Chrome</drilldown></item>
          <item><name>Safari</name><y>9.47</y><drilldown>Safari</drilldown></item>
          <item><name>Edge</name><y>9.32</y><drilldown>Edge</drilldown></item>
          <item><name>Firefox</name><y>8.15</y><drilldown>Firefox</drilldown></item>
          <item><name>Other</name><y>11.02</y><drilldown xsi:nil="true"/></item>
        </data>
      </item>
    </series>
    <drilldown>
      <series>
        <item>
          <name>Chrome</name><id>Chrome</id>
          <data>
            <point><name>v97.0</name><y>36.89</y></point>
            <point><name>v96.0</name><y>18.16</y></point>
            <point><name>v95.0</name><y>0.54</y></point>
            <point><name>v94.0</name><y>0.7</y></point>
            <point><name>v93.0</name><y>0.8</y></point>
            <point><name>v92.0</name><y>0.41</y></point>
            <point><name>v91.0</name><y>0.31</y></point>
            <point><name>v90.0</name><y>0.13</y></point>
            <point><name>v89.0</name><y>0.14</y></point>
            <point><name>v88.0</name><y>0.1</y></point>
            <point><name>v87.0</name><y>0.35</y></point>
            <point><name>v86.0</name><y>0.17</y></point>
            <point><name>v85.0</name><y>0.18</y></point>
            <point><name>v84.0</name><y>0.17</y></point>
            <point><name>v83.0</name><y>0.21</y></point>
            <point><name>v81.0</name><y>0.1</y></point>
            <point><name>v80.0</name><y>0.16</y></point>
            <point><name>v79.0</name><y>0.43</y></point>
            <point><name>v78.0</name><y>0.11</y></point>
            <point><name>v76.0</name><y>0.16</y></point>
            <point><name>v75.0</name><y>0.15</y></point>
            <point><name>v72.0</name><y>0.14</y></point>
            <point><name>v70.0</name><y>0.11</y></point>
            <point><name>v69.0</name><y>0.13</y></point>
            <point><name>v56.0</name><y>0.12</y></point>
            <point><name>v49.0</name><y>0.17</y></point>
          </data>
        </item>
        <item>
          <name>Safari</name><id>Safari</id>
          <data>
            <point><name>v15.3</name><y>0.1</y></point>
            <point><name>v15.2</name><y>2.01</y></point>
            <point><name>v15.1</name><y>2.29</y></point>
            <point><name>v15.0</name><y>0.49</y></point>
            <point><name>v14.1</name><y>2.48</y></point>
            <point><name>v14.0</name><y>0.64</y></point>
            <point><name>v13.1</name><y>1.17</y></point>
            <point><name>v13.0</name><y>0.13</y></point>
            <point><name>v12.1</name><y>0.16</y></point>
          </data>
        </item>
        <item>
          <name>Edge</name><id>Edge</id>
          <data>
            <point><name>v97</name><y>6.62</y></point>
            <point><name>v96</name><y>2.55</y></point>
            <point><name>v95</name><y>0.15</y></point>
          </data>
        </item>
        <item>
          <name>Firefox</name><id>Firefox</id>
          <data>
            <point><name>v96.0</name><y>4.17</y></point>
            <point><name>v95.0</name><y>3.33</y></point>
            <point><name>v94.0</name><y>0.11</y></point>
            <point><name>v91.0</name><y>0.23</y></point>
            <point><name>v78.0</name><y>0.16</y></point>
            <point><name>v52.0</name><y>0.15</y></point>
          </data>
        </item>
      </series>
    </drilldown>
  </drilldown_bar_chart>

  <drilldown_pie_chart>
    <series>
      <item>
        <name>Browsers</name>
        <colorByPoint>true</colorByPoint>
        <data>
          <item><name>Chrome</name><y>61.04</y><drilldown>Chrome</drilldown></item>
          <item><name>Safari</name><y>9.47</y><drilldown>Safari</drilldown></item>
          <item><name>Edge</name><y>9.32</y><drilldown>Edge</drilldown></item>
          <item><name>Firefox</name><y>8.15</y><drilldown>Firefox</drilldown></item>
          <item><name>Other</name><y>11.02</y><drilldown xsi:nil="true"/></item>
        </data>
      </item>
    </series>
    <drilldown>
      <series>
        <item>
          <name>Chrome</name><id>Chrome</id>
          <data>
            <point><name>v97.0</name><y>36.89</y></point>
            <point><name>v96.0</name><y>18.16</y></point>
            <point><name>v95.0</name><y>0.54</y></point>
            <point><name>v94.0</name><y>0.7</y></point>
            <point><name>v93.0</name><y>0.8</y></point>
            <point><name>v92.0</name><y>0.41</y></point>
            <point><name>v91.0</name><y>0.31</y></point>
            <point><name>v90.0</name><y>0.13</y></point>
            <point><name>v89.0</name><y>0.14</y></point>
            <point><name>v88.0</name><y>0.1</y></point>
            <point><name>v87.0</name><y>0.35</y></point>
            <point><name>v86.0</name><y>0.17</y></point>
            <point><name>v85.0</name><y>0.18</y></point>
            <point><name>v84.0</name><y>0.17</y></point>
            <point><name>v83.0</name><y>0.21</y></point>
            <point><name>v81.0</name><y>0.1</y></point>
            <point><name>v80.0</name><y>0.16</y></point>
            <point><name>v79.0</name><y>0.43</y></point>
            <point><name>v78.0</name><y>0.11</y></point>
            <point><name>v76.0</name><y>0.16</y></point>
            <point><name>v75.0</name><y>0.15</y></point>
            <point><name>v72.0</name><y>0.14</y></point>
            <point><name>v70.0</name><y>0.11</y></point>
            <point><name>v69.0</name><y>0.13</y></point>
            <point><name>v56.0</name><y>0.12</y></point>
            <point><name>v49.0</name><y>0.17</y></point>
          </data>
        </item>
        <item>
          <name>Safari</name><id>Safari</id>
          <data>
            <point><name>v15.3</name><y>0.1</y></point>
            <point><name>v15.2</name><y>2.01</y></point>
            <point><name>v15.1</name><y>2.29</y></point>
            <point><name>v15.0</name><y>0.49</y></point>
            <point><name>v14.1</name><y>2.48</y></point>
            <point><name>v14.0</name><y>0.64</y></point>
            <point><name>v13.1</name><y>1.17</y></point>
            <point><name>v13.0</name><y>0.13</y></point>
            <point><name>v12.1</name><y>0.16</y></point>
          </data>
        </item>
        <item>
          <name>Edge</name><id>Edge</id>
          <data>
            <point><name>v97</name><y>6.62</y></point>
            <point><name>v96</name><y>2.55</y></point>
            <point><name>v95</name><y>0.15</y></point>
          </data>
        </item>
        <item>
          <name>Firefox</name><id>Firefox</id>
          <data>
            <point><name>v96.0</name><y>4.17</y></point>
            <point><name>v95.0</name><y>3.33</y></point>
            <point><name>v94.0</name><y>0.11</y></point>
            <point><name>v91.0</name><y>0.23</y></point>
            <point><name>v78.0</name><y>0.16</y></point>
            <point><name>v52.0</name><y>0.15</y></point>
          </data>
        </item>
      </series>
    </drilldown>
  </drilldown_pie_chart>

  <drilldown_line_chart>
    <series>
      <item>
        <name>Things</name>
        <colorByPoint>true</colorByPoint>
        <data>
          <item><name>Animals</name><y>5</y><drilldown>animals</drilldown></item>
          <item><name>Fruits</name><y>2</y><drilldown>fruits</drilldown></item>
          <item><name>Cars</name><y>4</y><drilldown>cars</drilldown></item>
        </data>
      </item>
      <item>
        <name>vehicles</name>
        <colorByPoint>true</colorByPoint>
        <data>
          <item><name>Vehicle 1</name><y>25</y><drilldown>vehicle1</drilldown></item>
          <item><name>Vehicle 2</name><y>25</y><drilldown>vehicle2</drilldown></item>
          <item><name>Vehicle 3</name><y>45</y><drilldown>vehicle3</drilldown></item>
        </data>
      </item>
    </series>
    <drilldown>
      <series>
        <item><id>animals</id><data><point><name>Cats</name><y>4</y></point><point><name>Dogs</name><y>2</y></point><point><name>Cows</name><y>1</y></point><point><name>Sheep</name><y>2</y></point><point><name>Pigs</name><y>1</y></point></data></item>
        <item><id>fruits</id><data><point><name>Apples</name><y>4</y></point><point><name>Oranges</name><y>2</y></point></data></item>
        <item><id>cars</id><data><point><name>Toyota</name><y>4</y></point><point><name>Opel</name><y>2</y></point><point><name>Volkswagen</name><y>2</y></point></data></item>
        <item><id>vehicle1</id><data><point><name>Toyota</name><y>4</y></point><point><name>Opel</name><y>2</y></point><point><name>Volkswagen</name><y>2</y></point></data></item>
        <item><id>vehicle2</id><data><point><name>Toyota</name><y>12</y></point><point><name>Opel</name><y>12</y></point><point><name>Volkswagen</name><y>2</y></point></data></item>
        <item><id>vehicle3</id><data><point><name>Toyota</name><y>5</y></point><point><name>Opel</name><y>4</y></point><point><name>Volkswagen</name><y>1</y></point></data></item>
      </series>
    </drilldown>
  </drilldown_line_chart>

  <table1>
    <heading>
      <AccountType>Account Type</AccountType>
      <Currency>Currency</Currency>
      <Amount>Amount</Amount>
    </heading>
    <data>
      <AccountType>Savings</AccountType>
      <Currency>GBP</Currency>
      <Amount>1771.42</Amount>
    </data>
    <data>
      <AccountType>Current</AccountType>
      <Currency>GBP</Currency>
      <Amount>7830.00</Amount>
    </data>
    <data>
      <AccountType>Recurring Deposite</AccountType>
      <Currency>GBP</Currency>
      <Amount>22730.11</Amount>
    </data>
    <data>
      <AccountType>Term Deposite</AccountType>
      <Currency>GBP</Currency>
      <Amount>103000.00</Amount>
    </data>
    <data>
      <AccountType>Wealth</AccountType>
      <Currency>GBP</Currency>
      <Amount>10000.00</Amount>
    </data>
    <data>
      <AccountType>Credit Card</AccountType>
      <Currency>GBP</Currency>
      <Amount>98.00</Amount>
    </data>
  </table1>

  <transactions1Tbl>
    <heading>
      <Date>Date</Date>
      <Type>Type</Type>
      <Narration>Narration</Narration>
      <FCY_GBP>FCY(GBP)</FCY_GBP>
      <CurrentRate>Currentt Rate</CurrentRate>
      <LCY_GBP>LCY(GBP)</LCY_GBP>
    </heading>
    <caption>Caption Text Here</caption>
    <footer>
      <Date>12-08-2023</Date>
      <Type>CR</Type>
      <Narration>NEFT</Narration>
      <FCY_GBP>88</FCY_GBP>
      <CurrentRate>12</CurrentRate>
      <LCY_GBP>33</LCY_GBP>
    </footer>
    <data>
      <item><Date>3-APR-15</Date><Type>CR</Type><Narration>NET TXN: IIFL IIFL3557346</Narration><FCY_GBP>1666.67</FCY_GBP><CurrentRate>1.062</CurrentRate><LCY_GBP>1</LCY_GBP></item>
      <item><Date>1-APR-15</Date><Type>CR</Type><Narration>NEFT: 10204083732 -THE GREATER Bank of New York</Narration><FCY_GBP>0.38</FCY_GBP><CurrentRate>1.473</CurrentRate><LCY_GBP>2</LCY_GBP></item>
      <item><Date>1-APR-15</Date><Type>DR</Type><Narration>NET TXN: FUNDS TRF FROM 000490700001137</Narration><FCY_GBP>-5017.56</FCY_GBP><CurrentRate>1.560</CurrentRate><LCY_GBP>3</LCY_GBP></item>
      <item><Date>31-MAR-15</Date><Type>CR</Type><Narration>NET TXN: IIFL IIFL3557346</Narration><FCY_GBP>7.37</FCY_GBP><CurrentRate>1.062</CurrentRate><LCY_GBP>4</LCY_GBP></item>
      <item><Date>31-MAR-15</Date><Type>DR</Type><Narration>NET TXN: IIFL IIFL3557346</Narration><FCY_GBP>-1151.91</FCY_GBP><CurrentRate>1.062</CurrentRate><LCY_GBP>5</LCY_GBP></item>
      <item><Date>31-MAR-15</Date><Type>DR</Type><Narration>LD1508340249</Narration><FCY_GBP>7.37</FCY_GBP><CurrentRate>1.062</CurrentRate><LCY_GBP>6</LCY_GBP></item>
      <item><Date>24-MAR-15</Date><Type>DR</Type><Narration>PCI:0500010827:1000156311283:ODEL PLC-459050</Narration><FCY_GBP>-30.64</FCY_GBP><CurrentRate>1.473</CurrentRate><LCY_GBP>7</LCY_GBP></item>
      <item><Date>24-MAR-15</Date><Type>CR</Type><Narration>PCD:0500010827:9993715077628:COTTON COLL-085222</Narration><FCY_GBP>1696.21</FCY_GBP><CurrentRate>1.473</CurrentRate><LCY_GBP>8</LCY_GBP></item>
      <item><Date>24-MAR-15</Date><Type>DR</Type><Narration>NET TXN: RENT FOR FEB 2013</Narration><FCY_GBP>-296.46</FCY_GBP><CurrentRate>1.473</CurrentRate><LCY_GBP>9</LCY_GBP></item>
      <item><Date>1-APR-15</Date><Type>CR</Type><Narration>NEFT: 10204083732 -THE GREATER Bank of New York</Narration><FCY_GBP>0.38</FCY_GBP><CurrentRate>1.473</CurrentRate><LCY_GBP>10</LCY_GBP></item>
      <item><Date>1-APR-15</Date><Type>DR</Type><Narration>NET TXN: FUNDS TRF FROM 000490700001137</Narration><FCY_GBP>-5017.56</FCY_GBP><CurrentRate>1.560</CurrentRate><LCY_GBP>11</LCY_GBP></item>
      <item><Date>31-MAR-15</Date><Type>CR</Type><Narration>NET TXN: IIFL IIFL3557346</Narration><FCY_GBP>7.37</FCY_GBP><CurrentRate>1.062</CurrentRate><LCY_GBP>12</LCY_GBP></item>
      <item><Date>31-MAR-15</Date><Type>DR</Type><Narration>NET TXN: IIFL IIFL3557346</Narration><FCY_GBP>-1151.91</FCY_GBP><CurrentRate>1.062</CurrentRate><LCY_GBP>13</LCY_GBP></item>
      <item><Date>31-MAR-15</Date><Type>DR</Type><Narration>LD1508340249</Narration><FCY_GBP>7.37</FCY_GBP><CurrentRate>1.062</CurrentRate><LCY_GBP>14</LCY_GBP></item>
      <item><Date>24-MAR-15</Date><Type>DR</Type><Narration>PCI:0500010827:1000156311283:ODEL PLC-459050</Narration><FCY_GBP>-30.64</FCY_GBP><CurrentRate>1.473</CurrentRate><LCY_GBP>15</LCY_GBP></item>
      <item><Date>24-MAR-15</Date><Type>CR</Type><Narration>PCD:0500010827:9993715077628:COTTON COLL-085222</Narration><FCY_GBP>1696.21</FCY_GBP><CurrentRate>1.473</CurrentRate><LCY_GBP>16</LCY_GBP></item>
      <item><Date>24-MAR-15</Date><Type>DR</Type><Narration>NET TXN: RENT FOR FEB 2013</Narration><FCY_GBP>-296.46</FCY_GBP><CurrentRate>1.473</CurrentRate><LCY_GBP>17</LCY_GBP></item>
      <item><Date>1-APR-15</Date><Type>CR</Type><Narration>NEFT: 10204083732 -THE GREATER Bank of New York</Narration><FCY_GBP>0.38</FCY_GBP><CurrentRate>1.473</CurrentRate><LCY_GBP>18</LCY_GBP></item>
      <item><Date>1-APR-15</Date><Type>DR</Type><Narration>NET TXN: FUNDS TRF FROM 000490700001137</Narration><FCY_GBP>-5017.56</FCY_GBP><CurrentRate>1.560</CurrentRate><LCY_GBP>19</LCY_GBP></item>
      <item><Date>31-MAR-15</Date><Type>CR</Type><Narration>NET TXN: IIFL IIFL3557346</Narration><FCY_GBP>7.37</FCY_GBP><CurrentRate>1.062</CurrentRate><LCY_GBP>20</LCY_GBP></item>
      <item><Date>31-MAR-15</Date><Type>DR</Type><Narration>NET TXN: IIFL IIFL3557346</Narration><FCY_GBP>-1151.91</FCY_GBP><CurrentRate>1.062</CurrentRate><LCY_GBP>21</LCY_GBP></item>
      <item><Date>31-MAR-15</Date><Type>DR</Type><Narration>LD1508340249</Narration><FCY_GBP>7.37</FCY_GBP><CurrentRate>1.062</CurrentRate><LCY_GBP>22</LCY_GBP></item>
      <item><Date>24-MAR-15</Date><Type>DR</Type><Narration>PCI:0500010827:1000156311283:ODEL PLC-459050</Narration><FCY_GBP>-30.64</FCY_GBP><CurrentRate>1.473</CurrentRate><LCY_GBP>23</LCY_GBP></item>
      <item><Date>24-MAR-15</Date><Type>CR</Type><Narration>PCD:0500010827:9993715077628:COTTON COLL-085222</Narration><FCY_GBP>1696.21</FCY_GBP><CurrentRate>1.473</CurrentRate><LCY_GBP>24</LCY_GBP></item>
      <item><Date>24-MAR-15</Date><Type>DR</Type><Narration>NET TXN: RENT FOR FEB 2013</Narration><FCY_GBP>-296.46</FCY_GBP><CurrentRate>1.473</CurrentRate><LCY_GBP>25</LCY_GBP></item>
    </data>
  </transactions1Tbl>

  <dematTable1>
    <heading>
      <Account_No>Account No</Account_No>
      <Installment_Amount_GBP>Installment Amount(GBP)</Installment_Amount_GBP>
      <Deposit_Start_Date>Deposit Start Date</Deposit_Start_Date>
      <Tenure_Month>Tenure(Month)</Tenure_Month>
      <Intrest_Rate>Intrest Rate</Intrest_Rate>
      <Maturity_Amount_GBP>Maturity Amount(GBP)</Maturity_Amount_GBP>
      <Installment_Paid>Installment Paid</Installment_Paid>
      <Current_Balance_GBP>Current Balance(GBP)</Current_Balance_GBP>
    </heading>
    <data>
      <item>
        <Account_No>0118196000210</Account_No>
        <Installment_Amount_GBP>2500.00</Installment_Amount_GBP>
        <Deposit_Start_Date>12-JUN-15</Deposit_Start_Date>
        <Tenure_Month>36</Tenure_Month>
        <Intrest_Rate>3.05%</Intrest_Rate>
        <Maturity_Amount_GBP>93888.62</Maturity_Amount_GBP>
        <Installment_Paid>9</Installment_Paid>
        <Current_Balance_GBP>22730.11</Current_Balance_GBP>
      </item>
    </data>
  </dematTable1>

  <dematTable2>
    <heading>
      <Installment_Number>Installment Number</Installment_Number>
      <Installment_Due_Date>Installment Due Date</Installment_Due_Date>
      <Amount_Paid_GBP>Amount Paid(GBP)</Amount_Paid_GBP>
      <Running_Balance_GBP>Running Balance(GBP)</Running_Balance_GBP>
    </heading>
    <data>
      <item><Installment_Number>9</Installment_Number><Installment_Due_Date>12-MAR-16</Installment_Due_Date><Amount_Paid_GBP>2500.00</Amount_Paid_GBP><Running_Balance_GBP>22730.11</Running_Balance_GBP></item>
      <item><Installment_Number>8</Installment_Number><Installment_Due_Date>12-FEB-16</Installment_Due_Date><Amount_Paid_GBP>2500.00</Amount_Paid_GBP><Running_Balance_GBP>20178.82</Running_Balance_GBP></item>
      <item><Installment_Number>7</Installment_Number><Installment_Due_Date>12-JAN-16</Installment_Due_Date><Amount_Paid_GBP>2500.00</Amount_Paid_GBP><Running_Balance_GBP>17634.00</Running_Balance_GBP></item>
      <item><Installment_Number>6</Installment_Number><Installment_Due_Date>12-DEC-15</Installment_Due_Date><Amount_Paid_GBP>2500.00</Amount_Paid_GBP><Running_Balance_GBP>15095.64</Running_Balance_GBP></item>
      <item><Installment_Number>5</Installment_Number><Installment_Due_Date>12-NOV-15</Installment_Due_Date><Amount_Paid_GBP>2500.00</Amount_Paid_GBP><Running_Balance_GBP>12563.70</Running_Balance_GBP></item>
    </data>
  </dematTable2>
</english>
