{  
   "english":{
     "audioLink":"https://www.w3schools.com/html/horse.mp3", 
     "content":"Content goes here content goes here", 
     "content1":"Test Data content1",
     "videoLink":"",
      "SA":[
         {
            "name":"Vishal",
            "surname":"Mishra",
            "address":"Mumbai",
            "Contact":"84557788"
         },
         {
            "name":"Sumit",
            "surname":"Mishra",
            "address":"Mumbai",
            "Contact":"84557788"
         }
      ],
      "BA":[
         {
            "name":"Vishal BA",
            "surname":"Mishra BA",
            "address":"Mumbai BA",
            "Contact":"84557788111"
         },
         {
            "name":"Sumit BA",
            "surname":"Mishra BA",
            "address":"Mumbai BA" ,
            "Contact":"84557788 111"
         }
      ]    
   },
   "hindi":{
      "SA":[
         {
            "name":"विशाल",
            "surname":"मिश्रा",
            "address":"मुंबई"
         },
         {
            "name":"सुमित",
            "surname":"मिश्रा",
            "address":"मुंबई"
         }
      ],    
      "table1":{
         "heading":{
            "AccountType":"Account Type",
            "Currency":"Currency",
            "Amount":"Amount"
         }, 
         "data":[
            {
            "AccountType":"Savings",
            "Currency":"GBP",
            "Amount":"1771.42"
         }, {
         "AccountType":"Current",
         "Currency":"GBP",
         "Amount":"7830.00"
      }, {
         "AccountType":"Recurring Deposite",
         "Currency":"GBP",
         "Amount":"22730.11"
      }, {
         "AccountType":"Term Deposite",
         "Currency":"GBP",
         "Amount":"103000.00"
      }, {
         "AccountType":"Wealth",
         "Currency":"GBP",
         "Amount":"10000.00"
      }, {
         "AccountType":"Credit Card",
         "Currency":"GBP",
         "Amount":"98.00"
      }] 
      } ,
      "mobile":"8989898989"
   }
}